INSERT INTO customers (customer_id, first_name, last_name, street_address, city, province, country, postal_code, user_id, is_active) VALUES
    ('123e4567-e89b-12d3-a456-426614174000', 'John', 'Doe', '123 Main St', 'Toronto', 'Ontario', 'Canada', 'M5V 1K4', 'f9b67bf1-3f7e-4f69-9c5d-5b5bdf9a02fd', true);

INSERT INTO customers (customer_id, first_name, last_name, street_address, city, province, country, postal_code, user_id, is_active) VALUES
    ('223e4567-e89b-12d3-a456-426614174001', 'Jane', 'Smith', '456 Elm St', 'Vancouver', 'British Columbia', 'Canada', 'V6B 3H7', 'a4c2d47e-8bd7-4b38-8e7a-356d02fb8e22', true);

INSERT INTO customers (customer_id, first_name, last_name, street_address, city, province, country, postal_code, user_id, is_active) VALUES
    ('323e4567-e89b-12d3-a456-426614174002', 'Alice', 'Brown', '789 Oak St', 'Montreal', 'Quebec', 'Canada', 'H3B 2Y5', '59a8ccc0-4e0f-4c4d-af64-2f61c7bea612', true);

INSERT INTO customers (customer_id, first_name, last_name, street_address, city, province, country, postal_code, user_id, is_active) VALUES
    ('423e4567-e89b-12d3-a456-426614174003', 'Bob', 'Johnson', '101 Maple St', 'Calgary', 'Alberta', 'Canada', 'T2P 3G7', '2a9aaa77-8c8d-47cc-8e7c-6c9835172bd4', true);

INSERT INTO customers (customer_id, first_name, last_name, street_address, city, province, country, postal_code, user_id, is_active) VALUES
    ('523e4567-e89b-12d3-a456-426614174004', 'Charlie', 'White', '202 Birch St', 'Halifax', 'Nova Scotia', 'Canada', 'B3J 2X4', 'b32f729b-48c4-43a3-a64e-cb7d871f763e', true);

INSERT INTO customers (customer_id, first_name, last_name, street_address, city, province, country, postal_code, user_id, is_active) VALUES
    ('623e4567-e89b-12d3-a456-426614174005', 'David', 'Lee', '303 Cedar St', 'Winnipeg', 'Manitoba', 'Canada', 'R3C 4W5', 'c4f6a9fc-2c36-4c54-9cea-4704ceca16fa', true);

INSERT INTO customers (customer_id, first_name, last_name, street_address, city, province, country, postal_code, user_id, is_active) VALUES
    ('723e4567-e89b-12d3-a456-426614174006', 'Eve', 'Martinez', '404 Pine St', 'Edmonton', 'Alberta', 'Canada', 'T5J 1Y6', 'd5a7db32-cf90-4a4d-b854-ad0b70339ad9', true);

INSERT INTO customers (customer_id, first_name, last_name, street_address, city, province, country, postal_code, user_id, is_active) VALUES
    ('823e4567-e89b-12d3-a456-426614174007', 'Frank', 'Clark', '505 Spruce St', 'Quebec City', 'Quebec', 'Canada', 'G1A 1A1', 'e0998012-7a2b-4b17-88a9-4acc2bee3a19', true);

INSERT INTO customers (customer_id, first_name, last_name, street_address, city, province, country, postal_code, user_id, is_active) VALUES
    ('923e4567-e89b-12d3-a456-426614174008', 'Grace', 'Harris', '606 Fir St', 'Regina', 'Saskatchewan', 'Canada', 'S4P 3X6', 'aaab9c8d-f0e5-4d4a-9db5-8bcbd6b692ac', true);

INSERT INTO customers (customer_id, first_name, last_name, street_address, city, province, country, postal_code, user_id, is_active) VALUES
    ('a23e4567-e89b-12d3-a456-426614174009', 'Henry', 'Adams', '707 Willow St', 'St. John''s', 'Newfoundland', 'Canada', 'A1C 1B2', '8f3c8a74-f24d-48bb-b74a-f1b62af0bb1c', true);

INSERT INTO customer_phonenumbers (customer_id, type, number) VALUES
    (1, 'MOBILE', '514-555-1234'),
    (1, 'HOME', '514-555-5678');

INSERT INTO customer_phonenumbers (customer_id, type, number) VALUES
    (2, 'MOBILE', '514-555-2345'),
    (2, 'HOME', '514-555-6789');

INSERT INTO customer_phonenumbers (customer_id, type, number) VALUES
    (3, 'WORK', '514-555-3456'),
    (3, 'MOBILE', '514-555-7890');

INSERT INTO customer_phonenumbers (customer_id, type, number) VALUES
    (4, 'WORK', '514-555-4567'),
    (4, 'MOBILE', '514-555-8901');

INSERT INTO customer_phonenumbers (customer_id, type, number) VALUES
    (5, 'MOBILE', '514-555-5679'),
    (5, 'HOME', '514-555-1234');

INSERT INTO customer_phonenumbers (customer_id, type, number) VALUES
    (6, 'MOBILE', '514-555-6782'),
    (6, 'HOME', '514-555-2346');

INSERT INTO customer_phonenumbers (customer_id, type, number) VALUES
    (7, 'MOBILE', '514-555-2348'),
    (7, 'WORK', '514-555-8765');

INSERT INTO customer_phonenumbers (customer_id, type, number) VALUES
    (8, 'WORK', '514-555-3458'),
    (8, 'MOBILE', '514-555-9990');

INSERT INTO customer_phonenumbers (customer_id, type, number) VALUES
    (9, 'MOBILE', '514-555-1237'),
    (9, 'HOME', '514-555-4569');

INSERT INTO customer_phonenumbers (customer_id, type, number) VALUES
    (10, 'MOBILE', '514-555-6781'),
    (10, 'WORK', '514-555-5555');

INSERT INTO jobs (job_id, job_name, job_description, hourly_rate, estimated_duration_minutes, job_type, active)
VALUES
    -- QUOTATION
    (UUID(), 'Free Quotation', 'Technician visits the site to evaluate cellar needs and prepare a detailed quote.', 0.00, 30, 'QUOTATION', TRUE),

    -- INSTALLATION
    (UUID(), 'Cellar Installation', 'Full installation of a new refrigeration system, wiring, tubing, and calibration.', 120.00, 240, 'INSTALLATION', TRUE),

    -- REPARATION
    (UUID(), 'Repair Service', 'Diagnosis and repair of refrigeration, humidity control, or electrical issues.', 95.00, 90, 'REPARATION', TRUE),

    -- MAINTENANCE
    (UUID(), 'Annual Maintenance', 'Full system checkup, cleaning, refrigerant check and performance optimization.', 85.00, 60, 'MAINTENANCE', TRUE);

INSERT INTO employees (
    employee_id, first_name, last_name, user_id, employee_role_type,
    street_address, city, province, country, postal_code, is_active
) VALUES (
             'c41b8f1c-7f5d-4f0e-8f2e-4b7d1e8c0b2d', -- Unique UUID
             'Alice',
             'Johnson',
             'AJOHNSON',
             'ADMIN', -- Role: ADMIN
             '45 Admin Plaza',
             'Toronto',
             'Ontario',
             'Canada',
             'M5V 2T3',
             true
         );

-- Employee 2: TECHNICIAN
INSERT INTO employees (
    employee_id, first_name, last_name, user_id, employee_role_type,
    street_address, city, province, country, postal_code, is_active
) VALUES (
             'a9e6d3f2-1c0a-4b5c-9d8e-7a6f5e4d3c2b', -- Unique UUID
             'Bob',
             'Williams',
             'BWILLIAMS',
             'TECHNICIAN', -- Role: TECHNICIAN
             '101 Commerce Ave',
             'Montreal',
             'Quebec',
             'Canada',
             'H3B 2S2',
             true
         );

-- Employee 3: SUPPORT
INSERT INTO employees (
    employee_id, first_name, last_name, user_id, employee_role_type,
    street_address, city, province, country, postal_code, is_active
) VALUES (
             '3f2c1b4a-9e7d-5c6b-1d0e-2a4f6b8c0d1e', -- Unique UUID
             'Carol',
             'Davis',
             'CDAVIS',
             'SUPPORT', -- Role: SUPPORT
             '707 Help Desk Dr',
             'Vancouver',
             'British Columbia',
             'Canada',
             'V6B 1P1',
             true
         );

-- Employee 4: SALES
INSERT INTO employees (
    employee_id, first_name, last_name, user_id, employee_role_type,
    street_address, city, province, country, postal_code, is_active
) VALUES (
             '1e8c0b2d-4b7d-1e8c-0b2d-4b7d1e8c0b2d', -- Unique UUID
             'David',
             'Smith',
             'DSMITH',
             'SALES', -- Role: SALES
             '909 Commission Ct',
             'Calgary',
             'Alberta',
             'Canada',
             'T2G 0B8',
             true
         );

-- ---------------------------------
-- 3. Insert Phone Number Data
-- ---------------------------------

-- Phones for Alice Johnson (ID = 1)
INSERT INTO employee_phonenumbers (employee_id, type, number) VALUES
    (1, 'WORK', '555-123-4567');

-- Phones for Bob Williams (ID = 2)
INSERT INTO employee_phonenumbers (employee_id, type, number) VALUES
                                                                  (2, 'WORK', '555-200-3000'),
                                                                  (2, 'MOBILE', '555-400-5000');

-- Phones for Carol Davis (ID = 3)
INSERT INTO employee_phonenumbers (employee_id, type, number) VALUES
    (3, 'WORK', '555-888-9999');

-- Phones for David Smith (ID = 4)
INSERT INTO employee_phonenumbers (employee_id, type, number) VALUES
    (4, 'MOBILE', '555-777-6666');

-- Seed schedules according to role rules
-- Technician (id=2): multiple appointment slots with >= 2h spacing
INSERT INTO schedules (employee_fk, day_of_week, time_slot)
SELECT 2, day_of_week, time_slot FROM (
    SELECT 'MONDAY' AS day_of_week, 'NINE_AM' AS time_slot
    UNION ALL SELECT 'MONDAY', 'ELEVEN_AM'
    UNION ALL SELECT 'MONDAY', 'ONE_PM'
    UNION ALL SELECT 'MONDAY', 'THREE_PM'
    UNION ALL SELECT 'TUESDAY', 'NINE_AM'
    UNION ALL SELECT 'TUESDAY', 'ELEVEN_AM'
    UNION ALL SELECT 'TUESDAY', 'ONE_PM'
    UNION ALL SELECT 'TUESDAY', 'THREE_PM'
    UNION ALL SELECT 'WEDNESDAY', 'NINE_AM'
    UNION ALL SELECT 'WEDNESDAY', 'ELEVEN_AM'
    UNION ALL SELECT 'WEDNESDAY', 'ONE_PM'
    UNION ALL SELECT 'WEDNESDAY', 'THREE_PM'
    UNION ALL SELECT 'THURSDAY', 'NINE_AM'
    UNION ALL SELECT 'THURSDAY', 'ELEVEN_AM'
    UNION ALL SELECT 'THURSDAY', 'ONE_PM'
    UNION ALL SELECT 'THURSDAY', 'THREE_PM'
    UNION ALL SELECT 'FRIDAY', 'NINE_AM'
    UNION ALL SELECT 'FRIDAY', 'ELEVEN_AM'
    UNION ALL SELECT 'FRIDAY', 'ONE_PM'
    UNION ALL SELECT 'FRIDAY', 'THREE_PM'
) t;

-- Non-technicians (ids=1,3,4): one continuous work slot per day.
-- Since continuous range isn’t represented in enum, seed a single marker slot per day (e.g., NINE_AM).
-- The service enforces only one slot per day for these roles.
-- For non-technicians, seed both start (9 AM) and end (6 PM) markers per day to reflect a full work day visually
INSERT INTO schedules (employee_fk, day_of_week, time_slot) VALUES
    (1, 'MONDAY', 'NINE_AM'),(1, 'MONDAY', 'FIVE_PM'),
    (1, 'TUESDAY', 'NINE_AM'),(1, 'TUESDAY', 'FIVE_PM'),
    (1, 'WEDNESDAY', 'NINE_AM'),(1, 'WEDNESDAY', 'FIVE_PM'),
    (1, 'THURSDAY', 'NINE_AM'),(1, 'THURSDAY', 'FIVE_PM'),
    (1, 'FRIDAY', 'NINE_AM'),(1, 'FRIDAY', 'FIVE_PM'),
    (3, 'MONDAY', 'NINE_AM'),(3, 'MONDAY', 'FIVE_PM'),
    (3, 'TUESDAY', 'NINE_AM'),(3, 'TUESDAY', 'FIVE_PM'),
    (3, 'WEDNESDAY', 'NINE_AM'),(3, 'WEDNESDAY', 'FIVE_PM'),
    (3, 'THURSDAY', 'NINE_AM'),(3, 'THURSDAY', 'FIVE_PM'),
    (3, 'FRIDAY', 'NINE_AM'),(3, 'FRIDAY', 'FIVE_PM'),
    (4, 'MONDAY', 'NINE_AM'),(4, 'MONDAY', 'FIVE_PM'),
    (4, 'TUESDAY', 'NINE_AM'),(4, 'TUESDAY', 'FIVE_PM'),
    (4, 'WEDNESDAY', 'NINE_AM'),(4, 'WEDNESDAY', 'FIVE_PM'),
    (4, 'THURSDAY', 'NINE_AM'),(4, 'THURSDAY', 'FIVE_PM'),
    (4, 'FRIDAY', 'NINE_AM'),(4, 'FRIDAY', 'FIVE_PM');

INSERT INTO cellars (
    cellar_id, owner_customer_id, name,
    height, width, depth, bottle_capacity,
    has_cooling_system, has_humidity_control, has_auto_regulation,
    cellar_type
) VALUES
      (UUID(), '123e4567-e89b-12d3-a456-426614174000', 'Toronto Basement Cellar',
       220, 300, 250, 500,
       TRUE, TRUE, FALSE,
       'PRIVATE'),

      (UUID(), '223e4567-e89b-12d3-a456-426614174001', 'Vancouver Wine Cabinet',
       180, 90, 60, 120,
       TRUE, FALSE, FALSE,
       'MODULAR'),

      (UUID(), '323e4567-e89b-12d3-a456-426614174002', 'Montreal Aging Cellar',
       210, 280, 240, 800,
       TRUE, TRUE, TRUE,
       'COMMERCIAL'),

      (UUID(), '423e4567-e89b-12d3-a456-426614174003', 'Calgary Showcase Cellar',
       200, 250, 200, 350,
       FALSE, FALSE, FALSE,
       'COMMERCIAL'),

      (UUID(), '523e4567-e89b-12d3-a456-426614174004', 'Halifax Small Cellar',
       150, 120, 80, 60,
       TRUE, FALSE, FALSE,
       'MODULAR'),

      (UUID(), '623e4567-e89b-12d3-a456-426614174005', 'Winnipeg Cooling Cellar',
       260, 320, 300, 1000,
       TRUE, TRUE, TRUE,
       'PROFESSIONAL'),

      (UUID(), '723e4567-e89b-12d3-a456-426614174006', 'Edmonton Wine Wall',
       190, 180, 35, 90,
       FALSE, FALSE, FALSE,
       'PROFESSIONAL'),

      (UUID(), '823e4567-e89b-12d3-a456-426614174007', 'Quebec City Premium Cellar',
       240, 300, 260, 700,
       TRUE, TRUE, TRUE,
       'PROFESSIONAL'),

      (UUID(), '923e4567-e89b-12d3-a456-426614174008', 'Regina Wine Storage',
       200, 260, 240, 450,
       TRUE, FALSE, FALSE,
       'PRIVATE'),

      (UUID(), 'a23e4567-e89b-12d3-a456-426614174009', 'St Johns Coastal Cellar',
       180, 200, 180, 250,
       TRUE, TRUE, FALSE,
       'PRIVATE');

-- ====================================================================
-- TEST APPOINTMENTS DATA
-- ====================================================================
-- IMPORTANT: Use these UUIDs in Postman headers for testing:
-- 
-- Customer IDs (use in X-Customer-Id header):
--   - Customer 1 (John Doe):    123e4567-e89b-12d3-a456-426614174000
--   - Customer 2 (Jane Smith):  223e4567-e89b-12d3-a456-426614174001
--   - Customer 3 (Alice Brown): 323e4567-e89b-12d3-a456-426614174002
--
-- Technician IDs (use in X-Employee-Id header):
--   - Bob Williams (TECHNICIAN): a9e6d3f2-1c0a-4b5c-9d8e-7a6f5e4d3c2b
--
-- Test Scenario:
-- Appointment 1: Customer 1 + Technician 1 (Bob) = John's appointment with Bob
-- Appointment 2: Customer 2 + Technician 1 (Bob) = Jane's appointment with Bob
-- Appointment 3: Customer 3 + Technician 1 (Bob) = Alice's appointment with Bob
--
-- This allows testing:
-- - GET /api/v1/appointments/my-appointments with Customer 1: returns only 1 appointment
-- - GET /api/v1/appointments/my-appointments with Customer 2: returns only 1 appointment
-- - GET /api/v1/appointments/my-jobs with Technician 1: returns 3 appointments
-- - GET /api/v1/appointments/{id} with appropriate role: validates ownership
-- ====================================================================

-- Appointment 1: John (Customer 1) with Bob (Technician 1) on Monday
INSERT INTO appointments (
    appointment_id, customer_id, technician_id, job_id, cellar_id, schedule_id,
    appointment_date, description,
    street_address, city, province, country, postal_code,
    appointment_status_type, is_active
) VALUES (
    'a1e2b3c4-d5f6-47a8-9b0c-1d2e3f4a5b6c', -- UUID for testing
    1, -- Customer: John Doe (id from customers table)
    2, -- Technician: Bob Williams (id from employees table)
    1, -- Job: Free Quotation (id from jobs table)
    1, -- Cellar: Toronto Basement Cellar (id from cellars table)
    1, -- Schedule: Bob's first schedule slot (Monday, NINE_AM)
    '2025-12-08 09:00:00', -- Monday, December 8, 2025 at 9 AM
    'Initial consultation for new wine cellar installation',
    '123 Main St', 'Toronto', 'Ontario', 'Canada', 'M9A 4X6',
    'COMPLETED',
    true
);

-- Appointment 2: Jane (Customer 2) with Bob (Technician 1) on Wednesday
INSERT INTO appointments (
    appointment_id, customer_id, technician_id, job_id, cellar_id, schedule_id,
    appointment_date, description,
    street_address, city, province, country, postal_code,
    appointment_status_type, is_active
) VALUES (
    'b2f3a4c5-e6d7-48b9-8c1d-2e3f4a5b6c7d', -- UUID for testing
    2, -- Customer: Jane Smith (id from customers table)
    2, -- Technician: Bob Williams (id from employees table)
    3, -- Job: Repair Service (id from jobs table)
    2, -- Cellar: Vancouver Wine Cabinet (id from cellars table)
    2, -- Schedule: Bob's second schedule slot (Wednesday, ELEVEN_AM)
    '2025-12-10 11:00:00', -- Wednesday, December 10, 2025 at 11 AM
    'Repair humidity control system - not maintaining proper levels',
    '456 Elm St', 'Vancouver', 'British Columbia', 'Canada', 'V6B 3H7',
    'SCHEDULED',
    true
);

-- Appointment 3: Alice (Customer 3) with Bob (Technician 1) on Friday
INSERT INTO appointments (
    appointment_id, customer_id, technician_id, job_id, cellar_id, schedule_id,
    appointment_date, description,
    street_address, city, province, country, postal_code,
    appointment_status_type, is_active
) VALUES (
    'c3a4b5d6-f7e8-49ca-9d2e-3f4a5b6c7d8e', -- UUID for testing
    3, -- Customer: Alice Brown (id from customers table)
    2, -- Technician: Bob Williams (id from employees table)
    4, -- Job: Annual Maintenance (id from jobs table)
    3, -- Cellar: Montreal Aging Cellar (id from cellars table)
    3, -- Schedule: Bob's third schedule slot (Friday, NINE_AM)
    '2025-12-12 09:00:00', -- Friday, December 12, 2025 at 9 AM
    'Annual system maintenance and performance optimization',
    '789 Oak St', 'Montreal', 'Quebec', 'Canada', 'H3B 2Y5',
    'SCHEDULED',
    true
);

--- Parts --------------------------------
INSERT INTO parts
(part_id, name, category, quantity, price, supplier, low_stock_threshold, out_of_stock_threshold, high_stock_threshold, available)
VALUES
('PC-000001','115V Heating strip','Heating',8,28.50,'ThermoTech Supplies',8,0,110,true),
('PC-000002','250850Z19-0052','General',6,46.20,'Cavavin OEM',2,0,50,true),
('PC-000003','2J01-0204-1 soudure','Fasteners',180,0.90,'FixFast',50,0,500,true),
('PC-000004','510s','General',5,33.40,'Cavavin OEM',2,0,50,true),
('PC-000005','520s','General',5,34.10,'Cavavin OEM',2,0,50,true),
('PC-000006','A R display board','Electronics',2,132.00,'Cavavin Electronics',2,0,20,true),
('PC-000007','B Plaque de conduit','General',4,41.10,'Cavavin OEM',2,0,50,true),
('PC-000008','Bande chauffante','Heating',6,44.60,'ThermoTech Supplies',2,0,80,true),
('PC-000009','Bande chauffante PTC Sensor','Heating',4,58.80,'ThermoTech Supplies',2,0,80,true),
('PC-000010','Bande chauffante SDT1209LBNP fan motor','Heating',3,72.30,'ThermoTech Supplies',2,0,80,true),
('PC-000011','Base de serrure','Door/Hardware',4,22.90,'DoorParts Co.',2,0,60,true),
('PC-000012','Base de serrure 510s','Door/Hardware',3,24.50,'DoorParts Co.',2,0,60,true),
('PC-000013','Base de serrure Electrical power cord','Door/Hardware',2,39.90,'DoorParts Co.',2,0,60,true),
('PC-000014','Base de serrure Evaporator','Door/Hardware',2,41.20,'DoorParts Co.',2,0,60,true),
('PC-000015','Base de serrure s205','Door/Hardware',3,25.70,'DoorParts Co.',2,0,60,true),
('PC-000016','Beech wood plate with CAVAVIN','Shelving/Wood',2,59.80,'WoodCraft',2,0,40,true),
('PC-000017','Beech wood shelf','Shelving/Wood',3,74.40,'WoodCraft',2,0,40,true),
('PC-000018','Black door hinge','Door/Hardware',4,18.60,'DoorParts Co.',2,0,60,true),
('PC-000019','Black left hinge','Door/Hardware',4,19.10,'DoorParts Co.',2,0,60,true),
('PC-000020','Bloc de Bloc limitateur 510s Back trim for glass shelf','Door/Hardware',2,44.80,'DoorParts Co.',2,0,60,true),
('PC-000021','Boite de montage de','Packaging',12,4.70,'Cavavin Packaging',10,0,200,true),
('PC-000022','Boite de montage de s208','Packaging',101,2.84,'Cavavin Packaging',10,0,200,true),
('PC-000023','Boite du filtre charbon','Filter',10,32.80,'FilterPro',3,0,60,true),
('PC-000024','Boitie fitre charbon','General',0,73.34,'Cavavin OEM',2,0,50,true),
('PC-000025','Boucle de vis 520s','Fasteners',54,1.73,'FixFast',50,0,500,true),
('PC-000026','CAVAVIN','General',0,37.65,'Cavavin OEM',2,0,50,true),
('PC-000027','CAVAVIN NOM DE LA PIECE COUTEN USD ENCAD VENDANT CAD','General',10,53.74,'Cavavin OEM',2,0,50,true),
('PC-000028','CAVAVIN PART NUMBER No PARTS NAME COSTUS COSTCAN DE CAVAVIN NOMDE LA EN USD COUTEN CAD VENDANT CAD','General',7,54.18,'Cavavin OEM',2,0,50,true),
('PC-000029','CAVAVIN PART NUMBER PART PARTS NAME COST CAN','General',5,40.51,'Cavavin OEM',2,0,50,true),
('PC-000030','CAVAVIN PART NUMBER PARTS NAME COSTUS COST CAN SELLING PRICE CAN','General',6,73.79,'Cavavin OEM',2,0,50,true),
('PC-000031','CAVAVIN PART NUMBER PARTS NAME COSTUS COST CAN SELLING PRICE CAN AVAILABILITY','General',7,33.56,'Cavavin OEM',2,0,50,true),
('PC-000032','CAVAVIN PART NUMBER PARTS NAME COSTUS COST CAN SELLING PRICE CAN AVAILABILITY DE PIECE CAVAVIN NOM DE LA COUTENCAD VENDANT CAD','General',3,56.06,'Cavavin OEM',2,0,50,true),
('PC-000033','CAVAVIN PART NUMBER PARTS NAME COSTUS COST CAN SELLINGPRICECAN CAVAVIN NOMDE LA COOTENUSD Dry filter R ec Filtre DG13-1','Filter',1,38.26,'FilterPro',3,0,60,true),
('PC-000034','CAVAVIN PART NUMBER PARTS NAME COSTUS COSTCAN PRICE CAN','General',0,52.61,'Cavavin OEM',2,0,50,true),
('PC-000035','CAVAVIN PART NUMBER PARTS NAME COSTUS COSTCAN SELLINGPRICECAN','General',10,62.27,'Cavavin OEM',2,0,50,true),
('PC-000036','CAVAVIN PART NUMBER PARTS NAME COSsTUS COST CAN SELLING PRICE CAN','General',10,49.99,'Cavavin OEM',2,0,50,true),
('PC-000037','CAVAVIN PARTNUMBER PARTS NAME COSTUS ICOST CAN SELLING PRICE CAN AVAILABILITY DE CAVAVIN NOM DE LA PIECE EN USD VENDANT CAD DZ12-0262 Carton disponible','Packaging',59,6.63,'Cavavin Packaging',10,0,200,true),
('PC-000038','CAVAVIN PARTNUMBER PARTS NAME CoSTUS COSTCAN SELLING PRICECAN','General',2,73.82,'Cavavin OEM',2,0,50,true),
('PC-000039','CAVAVINPART NUMBER PARTS NAME COSTUS COST CAN SELLING PRICE CAN AVAILABILITY','General',3,72.74,'Cavavin OEM',2,0,50,true),
('PC-000040','CAVAVINPART NUMBER PARTS NAME COSTUS COST CAN SELLING PRICECAN DE LAPIECE EN USD Carton','Packaging',21,7.68,'Cavavin Packaging',10,0,200,true),
('PC-000041','CAVAVINPART NUMBER PARTS NAME COSTUS COST CAN SELLINGPRICECAN','General',9,26.21,'Cavavin OEM',2,0,50,true),
('PC-000042','CHAUFFANT','Heating',5,46.04,'ThermoTech Supplies',2,0,80,true),
('PC-000043','Cabinet leg D20k00s) Pied M10 Condenser Condenseur','Condenser',5,90.60,'Cavavin OEM',1,0,20,true),
('PC-000044','Cache de la tige de','General',8,44.91,'Cavavin OEM',2,0,50,true),
('PC-000045','Cache du de montage du moteur','Fan/Motor',10,64.98,'Cavavin OEM',2,0,60,true),
('PC-000046','Cache-capteur','Electronics',1,63.37,'Cavavin Electronics',2,0,20,true),
('PC-000047','Caoutchouc de','General',3,60.47,'Cavavin OEM',2,0,50,true),
('PC-000048','Caoutchouc de s03','General',9,58.20,'Cavavin OEM',2,0,50,true),
('PC-000049','Caoutchouc limitateur','General',5,57.04,'Cavavin OEM',2,0,50,true),
('PC-000050','Caoutchoue limitateur 510s','General',7,32.00,'Cavavin OEM',2,0,50,true),
('PC-000051','Capteur','Electronics',6,153.10,'Cavavin Electronics',2,0,20,true),
('PC-000052','Capteur 50s','Electronics',6,114.44,'Cavavin Electronics',2,0,20,true),
('PC-000053','Capteur cover Sensor cover end','Electronics',2,163.18,'Cavavin Electronics',2,0,20,true),
('PC-000054','Capuchon','General',5,71.92,'Cavavin OEM',2,0,50,true),
('PC-000055','Carte LCD JBS4125D-011 Black door hinge','Electronics',4,103.80,'Cavavin Electronics',2,0,20,true),
('PC-000056','Carte LED','Electronics',1,141.75,'Cavavin Electronics',2,0,20,true),
('PC-000057','Carte PCB','Electronics',6,85.49,'Cavavin Electronics',2,0,20,true),
('PC-000058','Carte PCB 35D','Electronics',3,194.45,'Cavavin Electronics',2,0,20,true),
('PC-000059','Carte PCB de','Electronics',1,142.47,'Cavavin Electronics',2,0,20,true),
('PC-000060','Carte blanche','Electronics',5,187.78,'Cavavin Electronics',2,0,20,true),
('PC-000061','Carte blanche White LED light Lumigre LED blanche Double zone suction tube Tube double zone 650s Lower zone suction tube Tube zone s Evaporator','Evaporator',2,134.84,'Cavavin OEM',1,0,20,true),
('PC-000062','Carte mini DE LA v Colors LED light','Electronics',4,71.02,'Cavavin Electronics',2,0,20,true),
('PC-000063','Carton','Packaging',89,5.60,'Cavavin Packaging',10,0,200,true),
('PC-000064','Carton Box','Packaging',68,9.90,'Cavavin Packaging',10,0,200,true),
('PC-000065','Carton Box E ce Boite en carton V-041WBVC','Packaging',103,8.79,'Cavavin Packaging',10,0,200,true),
('PC-000066','Carton Box X','Packaging',18,12.40,'Cavavin Packaging',10,0,200,true),
('PC-000067','Carton Box en carton V-067WBVC','Packaging',115,12.38,'Cavavin Packaging',10,0,200,true),
('PC-000068','Charcoal filter','Filter',9,26.52,'FilterPro',3,0,60,true),
('PC-000069','Charcoal filter box','Filter',1,29.49,'FilterPro',3,0,60,true),
('PC-000070','Chauffage PTC','Heating',8,23.76,'ThermoTech Supplies',2,0,80,true),
('PC-000071','Chautfage','General',4,28.21,'Cavavin OEM',2,0,50,true),
('PC-000072','Ciou M5 LCD Display board','Electronics',3,81.69,'Cavavin Electronics',2,0,20,true),
('PC-000073','Clou M5','Fasteners',143,2.45,'FixFast',50,0,500,true),
('PC-000074','Clou M5 Clou de fixation M5','Fasteners',132,2.25,'FixFast',50,0,500,true),
('PC-000075','Clou M5 Clou de fixation M5 Disponibie','Fasteners',230,2.06,'FixFast',50,0,500,true),
('PC-000076','Clou M5 Clou de fixation M5 Jronds','Fasteners',252,0.92,'FixFast',50,0,500,true),
('PC-000077','Clou M5 Clou de fixation M5 disponible','Fasteners',288,2.23,'FixFast',50,0,500,true),
('PC-000078','Clou MS Clou de fixation M5 Jnon disp','Fasteners',149,1.00,'FixFast',50,0,500,true),
('PC-000079','Clou de fixation M5','Fasteners',296,2.12,'FixFast',50,0,500,true),
('PC-000080','Compresseur','Compressor',2,280.94,'Cavavin OEM',1,0,10,true),
('PC-000081','Compresseur JK1111HY','Compressor',0,407.64,'Cavavin OEM',1,0,10,true),
('PC-000082','Compresseur TU1110HY','Compressor',1,349.18,'Cavavin OEM',1,0,10,true),
('PC-000083','Compresseur TU1110HY PCB board','Compressor',0,406.06,'Cavavin OEM',1,0,10,true),
('PC-000084','Compresseur VY38R16G','Compressor',3,257.26,'Cavavin OEM',1,0,10,true),
('PC-000085','Condenseur','Condenser',2,45.84,'Cavavin OEM',1,0,20,true),
('PC-000086','Condenseur M10 cabinet leg','Condenser',6,72.54,'Cavavin OEM',1,0,20,true),
('PC-000087','Condenseur Solenoid valve','Condenser',1,125.97,'Cavavin OEM',1,0,20,true),
('PC-000088','Condenseur V-250WDZ e Dryer fiter Fitre Connecting Pipe de connexion container deau Qe Power cord Cordon Embraco Inverter Compressor','Compressor',3,223.42,'Embraco',1,0,10,true),
('PC-000089','Connecteur de vis','Fasteners',75,1.24,'FixFast',50,0,500,true),
('PC-000090','Connecting Pipe D218-0225 Tube capillaire de connexion','Plumbing',0,61.34,'CopperWorks',2,0,50,true),
('PC-000091','Connecting pipe','Plumbing',5,57.61,'CopperWorks',2,0,50,true),
('PC-000092','Copper Evaporator Assembly Ensemble en cuivre','Evaporator',6,133.85,'Cavavin OEM',1,0,20,true),
('PC-000093','Cordon','General',9,68.89,'Cavavin OEM',2,0,50,true),
('PC-000094','Cordon 550s','General',5,72.17,'Cavavin OEM',2,0,50,true),
('PC-000095','Cordon Dz19-0036 115V Solenoid valve container','General',1,36.31,'Cavavin OEM',2,0,50,true),
('PC-000096','Cordon TU1110HY compressor','Compressor',0,334.32,'Cavavin OEM',1,0,10,true),
('PC-000097','Cordon es TU1110HY compressor','Compressor',3,253.89,'Cavavin OEM',1,0,10,true),
('PC-000098','D0 Capteur','Electronics',4,166.27,'Cavavin Electronics',2,0,20,true),
('PC-000099','D210-0018) Filtre charbon','Filter',12,34.29,'FilterPro',3,0,60,true),
('PC-000100','D219-0074 Tuyau de connexion','Plumbing',10,58.22,'CopperWorks',2,0,50,true),
('PC-000101','D223-0184-6 Joint de porte MZ1333','Door/Hardware',10,38.87,'DoorParts Co.',2,0,60,true),
('PC-000102','DE CARTE PCB DE CONTROLE','Electronics',3,126.14,'Cavavin Electronics',2,0,20,true),
('PC-000103','DE CAVAVIN DE LA COOTEN USD VENDANT CAD','General',4,29.37,'Cavavin OEM',2,0,50,true),
('PC-000104','DE CAVAVIN DE PIECE NOM DE LA PIECE CAD VENDANT CAD','General',7,72.77,'Cavavin OEM',2,0,50,true),
('PC-000105','DE CAVAVIN NOM DE LA PIECE COOTEN USD COUTEN CAD VENDANT CAD DISPONIBILITE','General',8,49.27,'Cavavin OEM',2,0,50,true),
('PC-000106','DE CAVAVIN NOM DE LA PIECE EN USD VENDANT CAD','General',4,20.51,'Cavavin OEM',2,0,50,true),
('PC-000107','DE CONDUIT CENTRAL MIDDLE FOAM -ZZ-PM-002 0z MOUSSE CENTRALE INSIDE FAN VENTILATEUR INTERIEUR FILTER FILTRE A CHARBON HEATER FAN','Filter',11,27.16,'FilterPro',3,0,60,true),
('PC-000108','DE DE PORTE POUR','Door/Hardware',8,64.07,'DoorParts Co.',2,0,60,true),
('PC-000109','DE DE PORTE POUR S-028WDZ-L-','Door/Hardware',3,129.28,'DoorParts Co.',2,0,60,true),
('PC-000110','DE LUMIERE TRANSPARENT','General',10,35.02,'Cavavin OEM',2,0,50,true),
('PC-000111','DE PIECE CAVAVIN DE PIECE NOM DE LA PIECE COOTENUSD VENDANT CAD DISPONIBILITE','General',4,20.56,'Cavavin OEM',2,0,50,true),
('PC-000112','DE PIECE CAVAVIN NOM DE LA PIECE CAD','General',10,63.36,'Cavavin OEM',2,0,50,true),
('PC-000113','DE PIECE CAVAVIN NOM DE LA PIECE COOTEN USD VENDANT CAD','General',8,61.01,'Cavavin OEM',2,0,50,true),
('PC-000114','DE PIECE CAVAVIN NOM DE LA PIECE COUTEN USD COOTENCAD','General',6,53.21,'Cavavin OEM',2,0,50,true),
('PC-000115','DE PIECE CAVAVIN NOM DE LA PIECE EN USD','General',10,44.81,'Cavavin OEM',2,0,50,true),
('PC-000116','DE PIECE CAVAVIN NOMDE LA COUTENUSD CAD DISPONIBILITE DZ12-5555 Carton Box','Packaging',91,2.74,'Cavavin Packaging',10,0,200,true),
('PC-000117','DE PIECE NOM DE LA PIECE COUTENUSD CAD VENDANT CAD DISPONIBILITE','General',1,51.95,'Cavavin OEM',2,0,50,true),
('PC-000118','DEL couleurs','General',4,31.79,'Cavavin OEM',2,0,50,true),
('PC-000119','DEPIECE DE LA PIECE EN USD COOTEN CAD VENDANT CAD DISPONIBILITE','General',10,15.24,'Cavavin OEM',2,0,50,true),
('PC-000120','DG1-1016','General',3,66.14,'Cavavin OEM',2,0,50,true),
('PC-000121','DG15-1162-F en bois pour panneau de','Shelving/Wood',8,119.03,'WoodCraft',2,0,40,true),
('PC-000122','DG22-1387 condenseur','Condenser',3,80.32,'Cavavin OEM',1,0,20,true),
('PC-000123','DICcQUeE Interrupteur de fin de course 570s','General',7,20.98,'Cavavin OEM',2,0,50,true),
('PC-000124','DROITE DE PORTE','Door/Hardware',0,99.23,'DoorParts Co.',2,0,60,true),
('PC-000125','DRY FILTER','Filter',5,27.27,'FilterPro',3,0,60,true),
('PC-000126','DU VENTILATEUR EXTERIEUR HINGE SCREW CAPS u DE VIS DE LED 3000K LIGHT E LUMIERE LED 3000K','Fan/Motor',1,114.42,'Cavavin OEM',2,0,60,true),
('PC-000127','DZ02-0393 container','General',4,46.14,'Cavavin OEM',2,0,50,true),
('PC-000128','DZ18-0074 Beech wood shelf','Shelving/Wood',2,48.16,'WoodCraft',2,0,40,true),
('PC-000129','Devanture en acier inoxydable','General',2,23.75,'Cavavin OEM',2,0,50,true),
('PC-000130','Devanture en acier inoxydable Sude rail','General',2,41.44,'Cavavin OEM',2,0,50,true),
('PC-000131','Devanture en bois','Shelving/Wood',6,77.05,'WoodCraft',2,0,40,true),
('PC-000132','Devanture pour en verre 510s Decorative cover','General',7,62.57,'Cavavin OEM',2,0,50,true),
('PC-000133','Dispositif anti-chute','General',2,18.21,'Cavavin OEM',2,0,50,true),
('PC-000134','Dispositif anti-chute 610s','General',4,18.10,'Cavavin OEM',2,0,50,true),
('PC-000135','Dispositif anti-chute s105 Limit wheel','General',8,28.83,'Cavavin OEM',2,0,50,true),
('PC-000136','Dispositif anti-chute s205','General',0,29.07,'Cavavin OEM',2,0,50,true),
('PC-000137','Door gasket','Door/Hardware',4,50.51,'DoorParts Co.',2,0,60,true),
('PC-000138','Door hinge','Door/Hardware',6,39.52,'DoorParts Co.',2,0,60,true),
('PC-000139','Dooraxis','Door/Hardware',1,67.87,'DoorParts Co.',2,0,60,true),
('PC-000140','Dryer filter','Filter',4,13.47,'FilterPro',3,0,60,true),
('PC-000141','EN POUR SUPPORT RENFORCE n/d','General',5,54.50,'Cavavin OEM',2,0,50,true),
('PC-000142','Electrical power cord','General',2,67.49,'Cavavin OEM',2,0,50,true),
('PC-000143','Electrovanne Connecting pipe','Plumbing',2,24.22,'CopperWorks',2,0,50,true),
('PC-000144','Electrovanne s','General',10,41.82,'Cavavin OEM',2,0,50,true),
('PC-000145','Embout de cache-capteur','Electronics',1,186.75,'Cavavin Electronics',2,0,20,true),
('PC-000146','Embout de serrure','Door/Hardware',7,134.50,'DoorParts Co.',2,0,60,true),
('PC-000147','Embout de serrure 520s','Door/Hardware',2,132.14,'DoorParts Co.',2,0,60,true),
('PC-000148','Embraco Inverter FMXA6C','Compressor',3,351.57,'Embraco',1,0,10,true),
('PC-000149','Ensemble en cuivre SAD8015B12L--80 Fan Ventiateur SAD8015B12L--80 50W 120V PTC Heater o PTC 50W fiter inzIeR Fitre charbon Charcoal fiter box D2N OEOE UR du filre charbon Temperature Sensor Capteur de Silent Fan','Heating',6,40.76,'ThermoTech Supplies',2,0,80,true),
('PC-000150','Etagere','Shelving/Wood',8,97.36,'WoodCraft',2,0,40,true),
('PC-000151','Etagere coulissante en bois','Shelving/Wood',8,141.85,'WoodCraft',2,0,40,true),
('PC-000152','Evaporateur','Evaporator',0,86.87,'Cavavin OEM',1,0,20,true),
('PC-000153','Evaporateur suction tube','Evaporator',5,195.17,'Cavavin OEM',1,0,20,true),
('PC-000154','Evaporator Assembly J Ensemble en cuivre','Evaporator',5,259.91,'Cavavin OEM',1,0,20,true),
('PC-000155','Evaporator Assembly J j2124-00057 Ensemble en cuivre','Evaporator',6,144.80,'Cavavin OEM',1,0,20,true),
('PC-000156','Evaporator Assembly T Ensemble en cuivre','Evaporator',5,84.84,'Cavavin OEM',1,0,20,true),
('PC-000157','FAN el EXTERIEUR FAN COVER','Fan/Motor',10,79.68,'Cavavin OEM',2,0,60,true),
('PC-000158','FL-322 Coussin isolant thermique','General',8,55.96,'Cavavin OEM',2,0,50,true),
('PC-000159','Film du panneau de','General',4,67.39,'Cavavin OEM',2,0,50,true),
('PC-000160','Filtre','Filter',10,39.79,'FilterPro',3,0,60,true),
('PC-000161','Filtre PCB board','Filter',4,17.60,'FilterPro',3,0,60,true),
('PC-000162','Filtre Passoire Power cord','Filter',2,15.91,'FilterPro',3,0,60,true),
('PC-000163','Filtre charbon','Filter',10,29.64,'FilterPro',3,0,60,true),
('PC-000164','Filtre charbon Charcoal filter box','Filter',3,24.72,'FilterPro',3,0,60,true),
('PC-000165','Filtre charbon Charcoalfilter box','Filter',11,38.22,'FilterPro',3,0,60,true),
('PC-000166','Filtre s60','Filter',11,19.60,'FilterPro',3,0,60,true),
('PC-000167','Filtre sm','Filter',11,35.34,'FilterPro',3,0,60,true),
('PC-000168','Fitre charbon vs filter box du fitre charbon','Filter',0,30.33,'FilterPro',3,0,60,true),
('PC-000169','G pzotisto2 noire de porte JBS4125D-011','Door/Hardware',8,123.01,'DoorParts Co.',2,0,60,true),
('PC-000170','GAUCHE DE PORTE','Door/Hardware',1,69.77,'DoorParts Co.',2,0,60,true),
('PC-000171','Goupille du dispositif anti-chute','Fasteners',197,1.72,'FixFast',50,0,500,true),
('PC-000172','Goupille du dispositif anti-chute 520s','Fasteners',227,0.40,'FixFast',50,0,500,true),
('PC-000173','Goupilte du dispositif anti-chute','General',5,26.28,'Cavavin OEM',2,0,50,true),
('PC-000174','Grand guide roulant','General',6,18.24,'Cavavin OEM',2,0,50,true),
('PC-000175','Grille frontale inoxydable) The front vent steel)','General',9,23.70,'Cavavin OEM',2,0,50,true),
('PC-000176','HINGE AXIS FOR S-028WDZ-L-V1','Door/Hardware',10,100.37,'DoorParts Co.',2,0,60,true),
('PC-000177','Heater fan','Fan/Motor',6,83.58,'Cavavin OEM',2,0,60,true),
('PC-000178','Heater strip','General',8,71.81,'Cavavin OEM',2,0,50,true),
('PC-000179','Interrupteur de fin de course','General',3,68.28,'Cavavin OEM',2,0,50,true),
('PC-000180','Interrupteur lumineux de porte','Door/Hardware',1,10.28,'DoorParts Co.',2,0,60,true),
('PC-000181','Inverter Jiaxipera VMU 1055Y','Compressor',1,272.52,'Jiaxipera',1,0,10,true),
('PC-000182','Jiaxipera Inverter VMU 1055Y','Compressor',3,270.51,'Jiaxipera',1,0,10,true),
('PC-000183','Joint de porte','Door/Hardware',3,88.06,'DoorParts Co.',2,0,60,true),
('PC-000184','Joint de porte 650s SS tubular handle','Door/Hardware',5,17.19,'DoorParts Co.',2,0,60,true),
('PC-000185','Joint de porte SS35','Door/Hardware',6,47.35,'DoorParts Co.',2,0,60,true),
('PC-000186','Joint de porte SS35 Door axis','Door/Hardware',6,98.23,'DoorParts Co.',2,0,60,true),
('PC-000187','Joint de porte SS35 s','Door/Hardware',7,93.21,'DoorParts Co.',2,0,60,true),
('PC-000188','Joint de porte SS35 s Door axis','Door/Hardware',1,8.06,'DoorParts Co.',2,0,60,true),
('PC-000189','Joint du bouton 540s','Door/Hardware',0,12.05,'DoorParts Co.',2,0,60,true),
('PC-000190','Joint du bouton 560s','Door/Hardware',3,10.66,'DoorParts Co.',2,0,60,true),
('PC-000191','Joint noir de porte M1333 s','Door/Hardware',3,141.47,'DoorParts Co.',2,0,60,true),
('PC-000192','LED blanche','Electronics',1,132.24,'Cavavin Electronics',2,0,20,true),
('PC-000193','LED blanche Lock base','Electronics',5,196.28,'Cavavin Electronics',2,0,20,true),
('PC-000194','LED blanche s','Electronics',6,130.75,'Cavavin Electronics',2,0,20,true),
('PC-000195','LED light','Electronics',4,163.13,'Cavavin Electronics',2,0,20,true),
('PC-000196','LED light pcs)','Electronics',1,180.46,'Cavavin Electronics',2,0,20,true),
('PC-000197','LIGHT COVER','General',7,73.53,'Cavavin OEM',2,0,50,true),
('PC-000198','LIGHT SWITCH m INTERRUPTEUR LUMINEUX','Electronics',0,131.76,'Cavavin Electronics',2,0,20,true),
('PC-000199','Lock base','Door/Hardware',5,34.19,'DoorParts Co.',2,0,60,true),
('PC-000200','Lock base o','Door/Hardware',1,33.85,'DoorParts Co.',2,0,60,true),
('PC-000201','Lock end','Door/Hardware',4,57.86,'DoorParts Co.',2,0,60,true),
('PC-000202','Loquet de porte','Door/Hardware',8,36.92,'DoorParts Co.',2,0,60,true),
('PC-000203','Lumigre LED blanche','Electronics',2,79.36,'Cavavin Electronics',2,0,20,true),
('PC-000204','MZ1333 Door gasket D223-0189-3 Joint de porte M21333 Stainless steel glass door Porte en acier inoxydable sl Slim square handle D201-1071 mince','Door/Hardware',0,132.89,'DoorParts Co.',2,0,60,true),
('PC-000205','Moteur DC JGY-2838-12V-40RPM','Fan/Motor',10,80.39,'Cavavin OEM',2,0,60,true),
('PC-000206','Moteur de ventilateur SD-8015LC','Fan/Motor',1,42.09,'Cavavin OEM',2,0,60,true),
('PC-000207','Moteur de ventilateur SDT1209LBNF','Fan/Motor',0,82.84,'Cavavin OEM',2,0,60,true),
('PC-000208','Moteur de ventilateur SDT1209LBNP','Fan/Motor',7,66.21,'Cavavin OEM',2,0,60,true),
('PC-000209','Moteur de ventilateur SDT1209LBNP 840s','Fan/Motor',8,54.60,'Cavavin OEM',2,0,60,true),
('PC-000210','Moteur de ventilateur SDT1209LBNP 850s Charcoalfilter','Filter',6,28.68,'FilterPro',3,0,60,true),
('PC-000211','Moteur de ventilateur SDT1209LBNP door gasket','Fan/Motor',0,49.31,'Cavavin OEM',2,0,60,true),
('PC-000212','Moteur de ventilateur SDT1209LBNP filter','Filter',6,26.20,'FilterPro',3,0,60,true),
('PC-000213','Moteur de ventilateur SDT1212MBNP','Fan/Motor',6,64.80,'Cavavin OEM',2,0,60,true),
('PC-000214','Moteur de ventilateur SDT1212MBNP 850s','Fan/Motor',1,60.65,'Cavavin OEM',2,0,60,true),
('PC-000215','Moteur de ventilateur SDT1212MBNP Dryer filter','Filter',9,21.39,'FilterPro',3,0,60,true),
('PC-000216','Moteur de ventilateur SDT1212MBNP S','Fan/Motor',6,113.67,'Cavavin OEM',2,0,60,true),
('PC-000217','Moteur de ventilateur SDT1212MBNP ses s','Fan/Motor',7,86.39,'Cavavin OEM',2,0,60,true),
('PC-000218','NOM DE LA EN USD COOTENCAD','General',7,52.18,'Cavavin OEM',2,0,50,true),
('PC-000219','NOM DE LA PIECE CAD VENDANT CAD DISPONIBILITE','General',4,28.47,'Cavavin OEM',2,0,50,true),
('PC-000220','NOM DE LA PIECE VENDANT CAD','General',9,32.98,'Cavavin OEM',2,0,50,true),
('PC-000221','NUMBER NAME PART NAME COSTUS COSTCAN SELLING PRICE CAN AVAILABILITY','General',0,20.61,'Cavavin OEM',2,0,50,true),
('PC-000222','Ne DE PIECE CAVAVIN DE PIECE NOM DE LA PIECE EN USD EN CAD PRIX VENDANT CAD','General',10,23.21,'Cavavin OEM',2,0,50,true),
('PC-000223','OO ET Clou MS Clou de fixation M5','Fasteners',150,0.71,'FixFast',50,0,500,true),
('PC-000224','P56 Sonde P156-D sy','General',0,31.28,'Cavavin OEM',2,0,50,true),
('PC-000225','PANEL BOX v c1000 DU PANNEAU DE CONTROLE','Packaging',19,10.66,'Cavavin Packaging',10,0,200,true),
('PC-000226','PANEL FILM A DU PANNEAU DE CONTROLE WOODEN SHELF cs En JROLLER YC1508-22-W)-008 IROULEAU','Shelving/Wood',5,87.73,'WoodCraft',2,0,40,true),
('PC-000227','PART NUMBER PARTS NAME COSTUS COSTCAN PRICE CAN','General',1,72.12,'Cavavin OEM',2,0,50,true),
('PC-000228','PART PARTS NAME COSTUS COST CAN SELLING PRICECAN','General',10,21.02,'Cavavin OEM',2,0,50,true),
('PC-000229','PARTS NAME COSTUS COSTCAN SELLING PRICE CAN AVAILABILITY','General',2,46.02,'Cavavin OEM',2,0,50,true),
('PC-000230','PARTS NAME COSTUS COSTCAN SELLING PRICE CAN AVAILABILITY o A NOM DE LA PIECE CAD VENDANT CAD DISPONIBILITE Z Carton','Packaging',87,11.10,'Cavavin Packaging',10,0,200,true),
('PC-000231','PIPE YC-22-Wi-','Plumbing',0,52.11,'CopperWorks',2,0,50,true),
('PC-000232','PORTE DOOR FOR S-028WDZ-L-V1 un se S PORTE POUR S-028WDZ-L-v1 DOOR SEAL HALF ROLLER SHELF ROULEAU BOTTOM BRACKET ISHELF SUPPORT v fo1soAga SUPPORT ROLLER 22-W5-021 pn t DEMI-ROULEAU LIGHT COVER ICACHE DE TRANSPARENT','Door/Hardware',10,98.99,'DoorParts Co.',2,0,60,true),
('PC-000233','Pied','General',5,74.79,'Cavavin OEM',2,0,50,true),
('PC-000234','Pied M10','General',5,23.05,'Cavavin OEM',2,0,50,true),
('PC-000235','Pied M10 520s','General',1,31.67,'Cavavin OEM',2,0,50,true),
('PC-000236','Pied M10 Condenser','Condenser',6,97.64,'Cavavin OEM',1,0,20,true),
('PC-000237','Pied M10 Solenoid valve','General',5,61.91,'Cavavin OEM',2,0,50,true),
('PC-000238','Plaque de plinthe SS','General',8,40.64,'Cavavin OEM',2,0,50,true),
('PC-000239','Plaque de plinthe VI60 noire','General',5,68.48,'Cavavin OEM',2,0,50,true),
('PC-000240','Plaque de verrouillage','General',8,50.95,'Cavavin OEM',2,0,50,true),
('PC-000241','Plastic lock base Ryt i Base de serrure en plastique','Door/Hardware',8,43.62,'DoorParts Co.',2,0,60,true),
('PC-000242','Porte avec joint','Door/Hardware',6,109.39,'DoorParts Co.',2,0,60,true),
('PC-000243','Porte en acier inoxydable V-','Door/Hardware',3,75.14,'DoorParts Co.',2,0,60,true),
('PC-000244','Porte en verre noir complet sans','Door/Hardware',10,24.64,'DoorParts Co.',2,0,60,true),
('PC-000245','Power installation box','Packaging',69,2.70,'Cavavin Packaging',10,0,200,true),
('PC-000246','RE Spare Parts List Spare Parts List','General',8,68.50,'Cavavin OEM',2,0,50,true),
('PC-000247','Rail coulissant','General',8,67.05,'Cavavin OEM',2,0,50,true),
('PC-000248','Rail coulissant s Sliding Beech wood shelf','Shelving/Wood',7,179.94,'WoodCraft',2,0,40,true),
('PC-000249','Rail coulissant trinodal pouces','General',7,34.88,'Cavavin OEM',2,0,50,true),
('PC-000250','Rail coutissant','General',7,47.37,'Cavavin OEM',2,0,50,true),
('PC-000251','Ressort tactile','General',8,51.13,'Cavavin OEM',2,0,50,true),
('PC-000252','Roulette','General',5,22.85,'Cavavin OEM',2,0,50,true),
('PC-000253','Roulette de','General',0,21.41,'Cavavin OEM',2,0,50,true),
('PC-000254','Roulette de 510s','General',5,57.02,'Cavavin OEM',2,0,50,true),
('PC-000255','Roulette de s105 Pin with Drop-proof device','Fasteners',166,1.70,'FixFast',50,0,500,true),
('PC-000256','S EvAOUE s','General',1,19.97,'Cavavin OEM',2,0,50,true),
('PC-000257','S-143WTZ','General',3,35.01,'Cavavin OEM',2,0,50,true),
('PC-000258','SDT1212MBNP fan motor','Fan/Motor',0,38.47,'Cavavin OEM',2,0,60,true),
('PC-000259','SS tubular handle','Door/Hardware',8,29.90,'DoorParts Co.',2,0,60,true),
('PC-000260','Screw','Fasteners',69,0.27,'FixFast',50,0,500,true),
('PC-000261','Sensor','Electronics',1,176.98,'Cavavin Electronics',2,0,20,true),
('PC-000262','Sensor caver','Electronics',5,186.15,'Cavavin Electronics',2,0,20,true),
('PC-000263','Serrure','Door/Hardware',3,136.50,'DoorParts Co.',2,0,60,true),
('PC-000264','Serrure de porte','Door/Hardware',9,36.45,'DoorParts Co.',2,0,60,true),
('PC-000265','Shelf rn E','Shelving/Wood',8,110.48,'WoodCraft',2,0,40,true),
('PC-000266','Shock-proof glue o124 anti-choc','General',3,59.38,'Cavavin OEM',2,0,50,true),
('PC-000267','Siide rail','General',2,18.94,'Cavavin OEM',2,0,50,true),
('PC-000268','Silent Fan','Fan/Motor',7,38.28,'Cavavin OEM',2,0,60,true),
('PC-000269','Silent Fan DZ03-0151 Ventilateur silencieux','Fan/Motor',4,118.37,'Cavavin OEM',2,0,60,true),
('PC-000270','Slide rail','General',7,36.16,'Cavavin OEM',2,0,50,true),
('PC-000271','Sliding Beech wood shelf','Shelving/Wood',0,96.79,'WoodCraft',2,0,40,true),
('PC-000272','Sonde s205','General',7,61.53,'Cavavin OEM',2,0,50,true),
('PC-000273','Spare','General',9,58.93,'Cavavin OEM',2,0,50,true),
('PC-000274','Spare Parts List','General',1,44.05,'Cavavin OEM',2,0,50,true),
('PC-000275','Stainless steel glass','General',5,41.31,'Cavavin OEM',2,0,50,true),
('PC-000276','Stderall','General',5,37.84,'Cavavin OEM',2,0,50,true),
('PC-000277','Support de fixation de serrure','Door/Hardware',0,98.66,'DoorParts Co.',2,0,60,true),
('PC-000278','Support de fixation par vis','Fasteners',61,1.33,'FixFast',50,0,500,true),
('PC-000279','Support de fixation par vis s205','Fasteners',264,2.10,'FixFast',50,0,500,true),
('PC-000280','Support de montage de sonde','General',10,73.91,'Cavavin OEM',2,0,50,true),
('PC-000281','Support du moteur','Fan/Motor',1,94.28,'Cavavin OEM',2,0,60,true),
('PC-000282','Support iMagnet the door)','Door/Hardware',7,76.03,'DoorParts Co.',2,0,60,true),
('PC-000283','Support magnet the door) la porte) JBS4125D-011 Black door hinge','Door/Hardware',9,129.54,'DoorParts Co.',2,0,60,true),
('PC-000284','TU1110HY','General',8,63.79,'Cavavin OEM',2,0,50,true),
('PC-000285','TU1110HY compressor','Compressor',0,356.98,'Cavavin OEM',1,0,10,true),
('PC-000286','Tablette de en bois de','Shelving/Wood',6,30.04,'WoodCraft',2,0,40,true),
('PC-000287','Tablette en bois de','Shelving/Wood',4,143.93,'WoodCraft',2,0,40,true),
('PC-000288','The midate sensor','Electronics',0,192.38,'Cavavin Electronics',2,0,20,true),
('PC-000289','The small rolling guide','General',6,43.02,'Cavavin OEM',2,0,50,true),
('PC-000290','Tige de','General',4,31.61,'Cavavin OEM',2,0,50,true),
('PC-000291','Top hinge module DG14108715SS gauche','Door/Hardware',5,48.19,'DoorParts Co.',2,0,60,true),
('PC-000292','Tube','Plumbing',3,36.71,'CopperWorks',2,0,50,true),
('PC-000293','Tube double zone','Plumbing',7,20.25,'CopperWorks',2,0,50,true),
('PC-000294','Tube s Heater strip','Plumbing',6,46.13,'CopperWorks',2,0,50,true),
('PC-000295','Tube zone 540s','Plumbing',0,28.63,'CopperWorks',2,0,50,true),
('PC-000296','Tube zone unique','Plumbing',10,36.77,'CopperWorks',2,0,50,true),
('PC-000297','Tuyau de connexion','Plumbing',8,44.94,'CopperWorks',2,0,50,true),
('PC-000298','Tuyau de connexion 250s','Plumbing',9,52.30,'CopperWorks',2,0,50,true),
('PC-000299','Tuyau de connexion SAD12025B12L--1225 Silent Fan','Fan/Motor',9,87.01,'Cavavin OEM',2,0,60,true),
('PC-000300','UPPER DOOR HINGE FOR S-028WDZ-R-V1','Door/Hardware',2,112.66,'DoorParts Co.',2,0,60,true),
('PC-000301','US4-56 Plaque de fixation','General',4,71.15,'Cavavin OEM',2,0,50,true),
('PC-000302','Uit VENTILATEUR EVAPORATOR EVAPORATOR FOAM 22PM es e MOUSSE DUAL ZONE AIR-DUCT BOARD','Evaporator',5,212.68,'Cavavin OEM',1,0,20,true),
('PC-000303','Ventilateur de','Fan/Motor',9,89.50,'Cavavin OEM',2,0,60,true),
('PC-000304','WG02-0039-111 Cache-capteur','Electronics',3,179.44,'Cavavin Electronics',2,0,20,true),
('PC-000305','White LCD Display board','Electronics',0,213.86,'Cavavin Electronics',2,0,20,true),
('PC-000306','Wind-separating foam P','General',10,44.49,'Cavavin OEM',2,0,50,true),
('PC-000307','a de circulation','General',6,46.70,'Cavavin OEM',2,0,50,true),
('PC-000308','a1 noire de porte','Door/Hardware',10,18.95,'DoorParts Co.',2,0,60,true),
('PC-000309','a5 FeIsOSTZ W18 PORTE PORTE BOTTOM GRILLE IRON SHEET FOR STRONG','Door/Hardware',8,129.40,'DoorParts Co.',2,0,60,true),
('PC-000310','abinet leg','General',10,61.38,'Cavavin OEM',2,0,50,true),
('PC-000311','abinet leg Pied M10','General',0,31.07,'Cavavin OEM',2,0,50,true),
('PC-000312','abinetleg DZ01-1611 Pieddainsita Q Plasticlock base DZ02 Base de serrure en plastique Condenser','Condenser',1,121.07,'Cavavin OEM',1,0,20,true),
('PC-000313','ablette de en bois de','Shelving/Wood',6,159.66,'WoodCraft',2,0,40,true),
('PC-000314','ablette de en bois de ps','Shelving/Wood',8,119.79,'WoodCraft',2,0,40,true),
('PC-000315','ablette en bois de','Shelving/Wood',5,149.94,'WoodCraft',2,0,40,true),
('PC-000316','ablette en bois de avec logo','Shelving/Wood',6,140.10,'WoodCraft',2,0,40,true),
('PC-000317','ablette en bois de avec logo CAVAVIN','Shelving/Wood',8,122.97,'WoodCraft',2,0,40,true),
('PC-000318','ablette en bois de avec logo ICAVAVIN plate EU Plaque de verre Stainless steel ventilation pinth Plinthe de ventilation en acier inoxydable Cabinel leg Pied M10 Condenser Condenseur','Condenser',0,70.58,'Cavavin OEM',1,0,20,true),
('PC-000319','ablette en verre E DZ01-1609 Stainless steel ventilation plinth Plinthe de ventilation en acier inoxydable','General',1,17.47,'Cavavin OEM',2,0,50,true),
('PC-000320','ac eau du conduit M','General',3,35.24,'Cavavin OEM',2,0,50,true),
('PC-000321','ache sa0s SS kick plate','General',1,62.42,'Cavavin OEM',2,0,50,true),
('PC-000322','ache-capteur','Electronics',1,130.95,'Cavavin Electronics',2,0,20,true),
('PC-000323','agnet control switch bracket','Electronics',4,120.36,'Cavavin Electronics',2,0,20,true),
('PC-000324','agnet control switch bracket DZ01-2583 Support','Electronics',3,139.02,'Cavavin Electronics',2,0,20,true),
('PC-000325','agnet the door) la porte)','Door/Hardware',2,68.31,'DoorParts Co.',2,0,60,true),
('PC-000326','agnet the door) oy oo sTS','Door/Hardware',10,22.52,'DoorParts Co.',2,0,60,true),
('PC-000327','agnetic switch PCB board','Electronics',1,168.52,'Cavavin Electronics',2,0,20,true),
('PC-000328','agnetic switch PCB board Carte PCB','Electronics',2,114.56,'Cavavin Electronics',2,0,20,true),
('PC-000329','agnetic switch box','Electronics',3,196.09,'Cavavin Electronics',2,0,20,true),
('PC-000330','agnetic switch box shim','Electronics',1,66.32,'Cavavin Electronics',2,0,20,true),
('PC-000331','ail coulissant','General',4,74.63,'Cavavin OEM',2,0,50,true),
('PC-000332','ail coulissant 630s','General',6,16.80,'Cavavin OEM',2,0,50,true),
('PC-000333','ail coulissant droit','General',1,47.52,'Cavavin OEM',2,0,50,true),
('PC-000334','ail coulissant gauche','General',6,44.79,'Cavavin OEM',2,0,50,true),
('PC-000335','ain PCB board','Electronics',4,176.94,'Cavavin Electronics',2,0,20,true),
('PC-000336','ain PCB display PCB 0G3-1109 PC8 principale carte','Electronics',6,139.72,'Cavavin Electronics',2,0,20,true),
('PC-000337','ain PCB display PCB Carte PCB principale carte','Electronics',5,173.74,'Cavavin Electronics',2,0,20,true),
('PC-000338','ain PCB display PCB joaxtiony Carte PCB principale carte body right hinge) Do 001R droite) body left hinge)','Electronics',0,170.11,'Cavavin Electronics',2,0,20,true),
('PC-000339','aoutchouc de','General',9,57.45,'Cavavin OEM',2,0,50,true),
('PC-000340','aoutchouc de Caoutchouc','General',1,69.06,'Cavavin OEM',2,0,50,true),
('PC-000341','apillary connecting pipe J Tube capillaire de connexion','Plumbing',7,63.75,'CopperWorks',2,0,50,true),
('PC-000342','apteur','General',7,63.22,'Cavavin OEM',2,0,50,true),
('PC-000343','apteur de','General',8,57.51,'Cavavin OEM',2,0,50,true),
('PC-000344','apuchon','General',0,55.67,'Cavavin OEM',2,0,50,true),
('PC-000345','arte LCD Black door hinge','Electronics',6,130.78,'Cavavin Electronics',2,0,20,true),
('PC-000346','arte PC8 de','General',5,63.95,'Cavavin OEM',2,0,50,true),
('PC-000347','arte PCB','Electronics',3,108.12,'Cavavin Electronics',2,0,20,true),
('PC-000348','arte PCB principale','Electronics',0,217.49,'Cavavin Electronics',2,0,20,true),
('PC-000349','arte blanche','General',10,58.26,'Cavavin OEM',2,0,50,true),
('PC-000350','arte d affichage LCD blanche','Electronics',5,130.44,'Cavavin Electronics',2,0,20,true),
('PC-000351','arton','General',4,58.32,'Cavavin OEM',2,0,50,true),
('PC-000352','arton Box','Packaging',39,13.96,'Cavavin Packaging',10,0,200,true),
('PC-000353','arton Disponible','General',8,61.78,'Cavavin OEM',2,0,50,true),
('PC-000354','arton Jnon','General',3,36.49,'Cavavin OEM',2,0,50,true),
('PC-000355','arton dis','General',3,20.21,'Cavavin OEM',2,0,50,true),
('PC-000356','ase de serrure','Door/Hardware',6,72.21,'DoorParts Co.',2,0,60,true),
('PC-000357','ase de serrure en plastique','Door/Hardware',0,136.85,'DoorParts Co.',2,0,60,true),
('PC-000358','ater container','General',0,60.57,'Cavavin OEM',2,0,50,true),
('PC-000359','ater recewver','General',9,30.66,'Cavavin OEM',2,0,50,true),
('PC-000360','avec logo CAVAVIN Stainless steel trim with cutting','General',5,32.52,'Cavavin OEM',2,0,50,true),
('PC-000361','avec serrure','Door/Hardware',1,114.82,'DoorParts Co.',2,0,60,true),
('PC-000362','avec serrure SS tubular handle','Door/Hardware',8,35.99,'DoorParts Co.',2,0,60,true),
('PC-000363','avec serrure door gasket','Door/Hardware',0,113.67,'DoorParts Co.',2,0,60,true),
('PC-000364','b du filtre charbon','Filter',7,11.66,'FilterPro',3,0,60,true),
('PC-000365','bczrnmer hinge) Porte droite)','Door/Hardware',7,104.02,'DoorParts Co.',2,0,60,true),
('PC-000366','big rolling guide','General',6,74.89,'Cavavin OEM',2,0,50,true),
('PC-000367','board','Electronics',6,115.21,'Cavavin Electronics',2,0,20,true),
('PC-000368','board DZ06-0005','Electronics',6,66.47,'Cavavin Electronics',2,0,20,true),
('PC-000369','board water pan','Electronics',2,96.73,'Cavavin Electronics',2,0,20,true),
('PC-000370','body leN hinge)','Door/Hardware',9,81.39,'DoorParts Co.',2,0,60,true),
('PC-000371','body right hinge)','Door/Hardware',4,84.85,'DoorParts Co.',2,0,60,true),
('PC-000372','body right hinge) DG26-600-R droite) d body left hinge) DG26-600-L gauche) nvd light board Carte LED','Electronics',6,188.20,'Cavavin Electronics',2,0,20,true),
('PC-000373','bois','Shelving/Wood',2,111.48,'WoodCraft',2,0,40,true),
('PC-000374','bracket DG14-1180 Support compresseur v','Compressor',2,274.84,'Cavavin OEM',1,0,10,true),
('PC-000375','bracket a3','General',9,37.99,'Cavavin OEM',2,0,50,true),
('PC-000376','bracket of front legs','General',5,45.77,'Cavavin OEM',2,0,50,true),
('PC-000377','cabinet leg','General',5,46.15,'Cavavin OEM',2,0,50,true),
('PC-000378','cabinet leg Pied M10','General',9,19.21,'Cavavin OEM',2,0,50,true),
('PC-000379','carbon fitter','General',0,55.85,'Cavavin OEM',2,0,50,true),
('PC-000380','central The middle fan of evaporator','Evaporator',2,139.18,'Cavavin OEM',1,0,20,true),
('PC-000381','charniere gauche) n/d','General',2,17.11,'Cavavin OEM',2,0,50,true),
('PC-000382','compressor','Compressor',1,357.84,'Cavavin OEM',1,0,10,true),
('PC-000383','compressor Compresseur NB1116HY','Compressor',2,240.35,'Cavavin OEM',1,0,10,true),
('PC-000384','compressor WGo3- GOS o W38R16G','Compressor',1,259.14,'Cavavin OEM',1,0,10,true),
('PC-000385','connecting pipe e ps r Tube capillaire de connexion','Plumbing',7,61.51,'CopperWorks',2,0,50,true),
('PC-000386','container','General',9,61.79,'Cavavin OEM',2,0,50,true),
('PC-000387','control panel box','Packaging',48,14.34,'Cavavin Packaging',10,0,200,true),
('PC-000388','cord','General',8,21.69,'Cavavin OEM',2,0,50,true),
('PC-000389','coulissante en bois de','Shelving/Wood',4,167.52,'WoodCraft',2,0,40,true),
('PC-000390','coulissante en bois de 850s','Shelving/Wood',0,120.19,'WoodCraft',2,0,40,true),
('PC-000391','cover','General',1,48.05,'Cavavin OEM',2,0,50,true),
('PC-000392','cover DG22-1387 condenseur v','Condenser',3,43.77,'Cavavin OEM',1,0,20,true),
('PC-000393','cover of hinge','Door/Hardware',2,122.54,'DoorParts Co.',2,0,60,true),
('PC-000394','cover of the control box','Packaging',12,4.47,'Cavavin Packaging',10,0,200,true),
('PC-000395','cover p crr condenseur va Ar-circulating pipe Tuyau de circulation v','Condenser',4,119.70,'Cavavin OEM',1,0,20,true),
('PC-000396','crew','General',7,47.18,'Cavavin OEM',2,0,50,true),
('PC-000397','crew buckle','Fasteners',215,1.92,'FixFast',50,0,500,true),
('PC-000398','crew connector','General',4,22.88,'Cavavin OEM',2,0,50,true),
('PC-000399','crew connector Connecteur de vis 530s','Fasteners',165,0.89,'FixFast',50,0,500,true),
('PC-000400','crew fixation bracket','General',5,61.55,'Cavavin OEM',2,0,50,true),
('PC-000401','ct s0','General',2,69.00,'Cavavin OEM',2,0,50,true),
('PC-000402','d Support compresseur E p Mg Outside fan Vont i lateur fan cover 4F es ventilateur','Compressor',2,373.61,'Cavavin OEM',1,0,10,true),
('PC-000403','d ftre charbon n','General',0,64.05,'Cavavin OEM',2,0,50,true),
('PC-000404','d r Installation de la tige de','General',4,26.97,'Cavavin OEM',2,0,50,true),
('PC-000405','de arrondi ik P Colors LED side light p N Lumiere DEL couleurs s05 Copper Evaporator Assembly-A 224-0028-T Ensemble en cuivre A','Evaporator',0,207.77,'Cavavin OEM',1,0,20,true),
('PC-000406','de cache-capteur','Electronics',6,62.81,'Cavavin Electronics',2,0,20,true),
('PC-000407','de cache-capteur 5a0 door gasket','Electronics',0,142.83,'Cavavin Electronics',2,0,20,true),
('PC-000408','de cache-capteur s105 SS trim','Electronics',6,172.80,'Cavavin Electronics',2,0,20,true),
('PC-000409','de cache-capteur s208','Electronics',2,74.38,'Cavavin Electronics',2,0,20,true),
('PC-000410','de capteur noir','Electronics',0,61.39,'Cavavin Electronics',2,0,20,true),
('PC-000411','de chauffage','Heating',11,53.05,'ThermoTech Supplies',2,0,80,true),
('PC-000412','de chautfage','General',5,38.20,'Cavavin OEM',2,0,50,true),
('PC-000413','de la porte','Door/Hardware',7,30.72,'DoorParts Co.',2,0,60,true),
('PC-000414','de la tige de','General',0,51.29,'Cavavin OEM',2,0,50,true),
('PC-000415','de la tige de s208','General',8,22.77,'Cavavin OEM',2,0,50,true),
('PC-000416','de porte','Door/Hardware',2,55.03,'DoorParts Co.',2,0,60,true),
('PC-000417','de porte JBS4125D-011','Door/Hardware',3,22.61,'DoorParts Co.',2,0,60,true),
('PC-000418','de porte Seamless SS door with lock','Door/Hardware',9,79.10,'DoorParts Co.',2,0,60,true),
('PC-000419','de porte fitter','Door/Hardware',9,16.93,'DoorParts Co.',2,0,60,true),
('PC-000420','de porte gauche gauche)','Door/Hardware',4,145.40,'DoorParts Co.',2,0,60,true),
('PC-000421','de porte s205','Door/Hardware',7,40.72,'DoorParts Co.',2,0,60,true),
('PC-000422','de porte s205 Seamless SS door with lock','Door/Hardware',2,93.40,'DoorParts Co.',2,0,60,true),
('PC-000423','de porte s208','Door/Hardware',5,45.88,'DoorParts Co.',2,0,60,true),
('PC-000424','de serrure','Door/Hardware',7,62.05,'DoorParts Co.',2,0,60,true),
('PC-000425','de serrure s105','Door/Hardware',10,30.90,'DoorParts Co.',2,0,60,true),
('PC-000426','de ventilateur SDT1209LBNP','Fan/Motor',8,118.04,'Cavavin OEM',2,0,60,true),
('PC-000427','de ventilateur SDT1212MBNP','Fan/Motor',3,119.46,'Cavavin OEM',2,0,60,true),
('PC-000428','de ventilateur SDT1212MBNP 850s','Fan/Motor',0,73.56,'Cavavin OEM',2,0,60,true),
('PC-000429','des pieds avant','General',7,32.88,'Cavavin OEM',2,0,50,true),
('PC-000430','display board','Electronics',6,162.15,'Cavavin Electronics',2,0,20,true),
('PC-000431','door','Door/Hardware',1,85.04,'DoorParts Co.',2,0,60,true),
('PC-000432','door axis left hinge) de porte gauche gauche)','Door/Hardware',2,19.51,'DoorParts Co.',2,0,60,true),
('PC-000433','door axis right hinge) de porte droite droite)','Door/Hardware',9,50.52,'DoorParts Co.',2,0,60,true),
('PC-000434','door gasket','Door/Hardware',2,120.18,'DoorParts Co.',2,0,60,true),
('PC-000435','double zone','General',9,65.59,'Cavavin OEM',2,0,50,true),
('PC-000436','droite','General',7,72.07,'Cavavin OEM',2,0,50,true),
('PC-000437','droite noire','General',5,71.79,'Cavavin OEM',2,0,50,true),
('PC-000438','droite)','General',7,71.47,'Cavavin OEM',2,0,50,true),
('PC-000439','droite) v','General',7,30.03,'Cavavin OEM',2,0,50,true),
('PC-000440','du de','General',2,71.83,'Cavavin OEM',2,0,50,true),
('PC-000441','du filtre charbon','Filter',8,21.22,'FilterPro',3,0,60,true),
('PC-000442','du filtre charbon Door axis','Filter',0,29.95,'FilterPro',3,0,60,true),
('PC-000443','du filtre charbon s Sensor','Filter',1,16.14,'FilterPro',3,0,60,true),
('PC-000444','du fitre charbon SS kick plate','General',2,66.28,'Cavavin OEM',2,0,50,true),
('PC-000445','du panneau de','General',7,74.18,'Cavavin OEM',2,0,50,true),
('PC-000446','du panneau de contrdle','General',2,59.97,'Cavavin OEM',2,0,50,true),
('PC-000447','duct board A DG22-1401 Piaque de conduit A i','Electronics',1,155.28,'Cavavin Electronics',2,0,20,true),
('PC-000448','duct board A Plaque de conduit A d Sensor k) 220630687y Capteur','Electronics',5,214.39,'Cavavin Electronics',2,0,20,true),
('PC-000449','ductboard C Plaque de conduit C vd Right door axis ight hinge) DG14-1177-5R de porte droite droite)','Electronics',2,141.07,'Cavavin Electronics',2,0,20,true),
('PC-000450','durfitre charbon','General',1,33.66,'Cavavin OEM',2,0,50,true),
('PC-000451','e Bande chauffante','Heating',5,65.68,'ThermoTech Supplies',2,0,80,true),
('PC-000452','e Bande chauffante 115V','Heating',0,27.36,'ThermoTech Supplies',2,0,80,true),
('PC-000453','e DEL couleurs','General',6,35.34,'Cavavin OEM',2,0,50,true),
('PC-000454','e Magnet mounting box','Packaging',97,4.74,'Cavavin Packaging',10,0,200,true),
('PC-000455','e Serrure ronde en acier inoxydable Metal lock pin de serrure Magnet control switch bracket','Electronics',1,94.48,'Cavavin Electronics',2,0,20,true),
('PC-000456','e en carton V-1488VC MS trunk-nail X','Packaging',21,7.59,'Cavavin Packaging',10,0,200,true),
('PC-000457','eal pipe DG12-12 n/d','Plumbing',4,49.27,'CopperWorks',2,0,50,true),
('PC-000458','eamless SS door','Door/Hardware',6,33.44,'DoorParts Co.',2,0,60,true),
('PC-000459','eamless SS door with lock','Door/Hardware',3,66.77,'DoorParts Co.',2,0,60,true),
('PC-000460','eamless SS door with lock Porte en acier inoxydable sans soudure avec serrure','Door/Hardware',1,132.55,'DoorParts Co.',2,0,60,true),
('PC-000461','eat insulation cushion','General',3,48.47,'Cavavin OEM',2,0,50,true),
('PC-000462','eater','General',7,67.75,'Cavavin OEM',2,0,50,true),
('PC-000463','eater i o Chauffage PTC','Heating',5,22.41,'ThermoTech Supplies',2,0,80,true),
('PC-000464','eater insulation board','Electronics',6,206.20,'Cavavin Electronics',2,0,20,true),
('PC-000465','eater strip','General',3,64.77,'Cavavin OEM',2,0,50,true),
('PC-000466','eating strip','General',5,26.40,'Cavavin OEM',2,0,50,true),
('PC-000467','eating strip Bande chauffante 120V 50w','Heating',10,46.29,'ThermoTech Supplies',2,0,80,true),
('PC-000468','eating strip Q Bande chauffante 115V','Heating',6,60.39,'ThermoTech Supplies',2,0,80,true),
('PC-000469','ecorative cap','General',0,31.22,'Cavavin OEM',2,0,50,true),
('PC-000470','eech wood Display shelf','Electronics',6,163.95,'Cavavin Electronics',2,0,20,true),
('PC-000471','eech wood Display shelf with','Electronics',2,176.86,'Cavavin Electronics',2,0,20,true),
('PC-000472','eech wood display shelf with ICAVAVIN logo','Electronics',2,105.39,'Cavavin Electronics',2,0,20,true),
('PC-000473','eech wood plate DZ18-0803 Plaque en bois de','Shelving/Wood',3,126.83,'WoodCraft',2,0,40,true),
('PC-000474','eech wood shelf','Shelving/Wood',2,54.28,'WoodCraft',2,0,40,true),
('PC-000475','eech wood shelf with CAVAVIN logo','Shelving/Wood',4,46.36,'WoodCraft',2,0,40,true),
('PC-000476','efrost sensor','Electronics',1,139.16,'Cavavin Electronics',2,0,20,true),
('PC-000477','efrost sensor de','Electronics',0,124.29,'Cavavin Electronics',2,0,20,true),
('PC-000478','eft door axis left hinge)','Door/Hardware',2,119.18,'DoorParts Co.',2,0,60,true),
('PC-000479','el Clou M5 Colors LED light','Electronics',6,86.18,'Cavavin Electronics',2,0,20,true),
('PC-000480','el Tablette en bois de se Evaporator Assembly-B 2J24-0028-1-T Ensemble en cuivre','Evaporator',5,184.91,'Cavavin OEM',1,0,20,true),
('PC-000481','emperature Sensor 1K de','Electronics',1,78.06,'Cavavin Electronics',2,0,20,true),
('PC-000482','emperature Sensor de','Electronics',0,72.38,'Cavavin Electronics',2,0,20,true),
('PC-000483','en acier inoxydable','General',9,72.95,'Cavavin OEM',2,0,50,true),
('PC-000484','en acier inoxydable sans soudure avec','General',8,68.57,'Cavavin OEM',2,0,50,true),
('PC-000485','en bois','Shelving/Wood',2,39.71,'WoodCraft',2,0,40,true),
('PC-000486','en bois de','Shelving/Wood',5,135.02,'WoodCraft',2,0,40,true),
('PC-000487','en cuivre The upper fan of evaporator','Evaporator',0,166.33,'Cavavin OEM',1,0,20,true),
('PC-000488','en noir pour plaque','General',9,21.51,'Cavavin OEM',2,0,50,true),
('PC-000489','en verre Glass Shelf','Shelving/Wood',3,123.48,'WoodCraft',2,0,40,true),
('PC-000490','en verre Limited block','Door/Hardware',10,90.95,'DoorParts Co.',2,0,60,true),
('PC-000491','enfort metallique support porte DG14-1179-SR gauche)','Door/Hardware',9,117.11,'DoorParts Co.',2,0,60,true),
('PC-000492','ensing PCB plate','Electronics',6,119.11,'Cavavin Electronics',2,0,20,true),
('PC-000493','ensor','General',8,31.60,'Cavavin OEM',2,0,50,true),
('PC-000494','ensor Capteur','Electronics',4,172.73,'Cavavin Electronics',2,0,20,true),
('PC-000495','ensor cover','General',10,41.89,'Cavavin OEM',2,0,50,true),
('PC-000496','ensor cover bl Cache capteur','Electronics',4,134.76,'Cavavin Electronics',2,0,20,true),
('PC-000497','ensor cover end','General',0,26.95,'Cavavin OEM',2,0,50,true),
('PC-000498','entilateur silencieux','General',7,33.89,'Cavavin OEM',2,0,50,true),
('PC-000499','errure ronde en acier inoxydable Metal lock pin de serrure Magnet control switch bracket','Electronics',4,219.58,'Cavavin Electronics',2,0,20,true),
('PC-000500','es us Condenseur','Condenser',3,170.34,'Cavavin OEM',1,0,20,true),
('PC-000501','et DEL couleurs','General',0,66.25,'Cavavin OEM',2,0,50,true),
('PC-000502','et V-028WDZ','General',7,50.19,'Cavavin OEM',2,0,50,true),
('PC-000503','et gl','General',5,23.75,'Cavavin OEM',2,0,50,true),
('PC-000504','etal Shelf','Shelving/Wood',6,109.96,'WoodCraft',2,0,40,true),
('PC-000505','etal shelf','Shelving/Wood',6,71.97,'WoodCraft',2,0,40,true),
('PC-000506','etallock pin T D201-2695 Goupille de serrure','Door/Hardware',8,13.39,'DoorParts Co.',2,0,60,true),
('PC-000507','etite','General',4,30.50,'Cavavin OEM',2,0,50,true),
('PC-000508','evanture avant en acier inoxydable pour','General',3,71.57,'Cavavin OEM',2,0,50,true),
('PC-000509','evanture en acier inoxydable 50s end','General',10,74.17,'Cavavin OEM',2,0,50,true),
('PC-000510','evanture en acier inoxydable pour en','General',1,47.97,'Cavavin OEM',2,0,50,true),
('PC-000511','evaporator','Evaporator',2,137.24,'Cavavin OEM',1,0,20,true),
('PC-000512','ey o','General',9,29.55,'Cavavin OEM',2,0,50,true),
('PC-000513','fan bracket DG1456 Support ventilateur','Fan/Motor',4,29.80,'Cavavin OEM',2,0,60,true),
('PC-000514','fan cover n/d','Fan/Motor',7,107.16,'Cavavin OEM',2,0,60,true),
('PC-000515','fan cover ventilateur','Fan/Motor',4,59.13,'Cavavin OEM',2,0,60,true),
('PC-000516','fan motor','Fan/Motor',7,26.63,'Cavavin OEM',2,0,60,true),
('PC-000517','fan motor a1 p203-0050 Moteur de ventilateur SDT1209LBNP','Fan/Motor',10,45.36,'Cavavin OEM',2,0,60,true),
('PC-000518','fan motor ut de ventilateur SD-8015LC','Fan/Motor',4,90.76,'Cavavin OEM',2,0,60,true),
('PC-000519','filter','Filter',13,24.97,'FilterPro',3,0,60,true),
('PC-000520','filter box','Filter',2,35.80,'FilterPro',3,0,60,true),
('PC-000521','fiter Filtre charbon','Filter',1,38.43,'FilterPro',3,0,60,true),
('PC-000522','fiter box DZ02 Boite du filtre charbon','Filter',10,11.16,'FilterPro',3,0,60,true),
('PC-000523','fiter box ps S Boite du fitre charbon Sensor','Electronics',5,215.28,'Cavavin Electronics',2,0,20,true),
('PC-000524','fitre charbon','General',7,45.00,'Cavavin OEM',2,0,50,true),
('PC-000525','foam','General',9,27.05,'Cavavin OEM',2,0,50,true),
('PC-000526','foam DG18-94 Mousse e','General',4,30.54,'Cavavin OEM',2,0,50,true),
('PC-000527','front vent steel)','General',7,40.50,'Cavavin OEM',2,0,50,true),
('PC-000528','gauche','General',1,46.62,'Cavavin OEM',2,0,50,true),
('PC-000529','gauche noire','General',0,29.17,'Cavavin OEM',2,0,50,true),
('PC-000530','gauche noire Limited rubber','General',3,19.35,'Cavavin OEM',2,0,50,true),
('PC-000531','glue DG13-24 Colle anti-choc n/d','General',5,16.82,'Cavavin OEM',2,0,50,true),
('PC-000532','gril right hinge) Grille droite)','Door/Hardware',2,56.53,'DoorParts Co.',2,0,60,true),
('PC-000533','grounding line DG17-25 Ligne de mise la terre du compresseur n/d','Compressor',0,286.40,'Cavavin OEM',1,0,10,true),
('PC-000534','grounding line DG17-93 Ligne de mise la terre du compresseur n/d','Compressor',0,439.87,'Cavavin OEM',1,0,10,true),
('PC-000535','grounding line G DG17-25 Ligne de mise la terre du compresseur d grounding line Ligne de mise la terre du compresseur d B DG12-112','Compressor',0,335.23,'Cavavin OEM',1,0,10,true),
('PC-000536','grounding line R en3 Ligne de mise la terre du compresseur n/d p grounding line','Compressor',2,302.01,'Cavavin OEM',1,0,10,true),
('PC-000537','guide roulant','General',4,73.97,'Cavavin OEM',2,0,50,true),
('PC-000538','guide routant','General',1,40.83,'Cavavin OEM',2,0,50,true),
('PC-000539','harcoal filter','Filter',13,19.50,'FilterPro',3,0,60,true),
('PC-000540','harcoal filter Es en 0R','Filter',5,19.22,'FilterPro',3,0,60,true),
('PC-000541','harcoal filter box','Filter',2,38.71,'FilterPro',3,0,60,true),
('PC-000542','harcoal filter box DG13-1003 fitre charbon','Filter',3,22.68,'FilterPro',3,0,60,true),
('PC-000543','harcoal fiter box','Packaging',115,7.62,'Cavavin Packaging',10,0,200,true),
('PC-000544','harcoal fitter','General',9,61.11,'Cavavin OEM',2,0,50,true),
('PC-000545','harcoal fitter box','Packaging',111,6.59,'Cavavin Packaging',10,0,200,true),
('PC-000546','harcoalfilter','Filter',8,22.35,'FilterPro',3,0,60,true),
('PC-000547','he cover of power box','Packaging',25,4.10,'Cavavin Packaging',10,0,200,true),
('PC-000548','he cover of the hinge','Door/Hardware',0,113.99,'DoorParts Co.',2,0,60,true),
('PC-000549','he cover of the motor mounting box','Packaging',99,5.56,'Cavavin Packaging',10,0,200,true),
('PC-000550','he cover of the motor mounting box du de montage du moteur','Fan/Motor',3,95.84,'Cavavin OEM',2,0,60,true),
('PC-000551','he cover of the sensor','Electronics',1,174.76,'Cavavin Electronics',2,0,20,true),
('PC-000552','he fan of condensor Ventilateur du condenseur bottom plate usa-27 Plaque','Condenser',0,143.82,'Cavavin OEM',1,0,20,true),
('PC-000553','he fix ptate','General',10,22.90,'Cavavin OEM',2,0,50,true),
('PC-000554','he lower supporter of the door','Door/Hardware',1,46.20,'DoorParts Co.',2,0,60,true),
('PC-000555','he middle air-duct lower board','Electronics',5,100.37,'Cavavin Electronics',2,0,20,true),
('PC-000556','he middle air-duct upper board','Electronics',2,84.94,'Cavavin Electronics',2,0,20,true),
('PC-000557','he motor bracket','General',10,51.68,'Cavavin OEM',2,0,50,true),
('PC-000558','he motor bracket Support du moteur','Fan/Motor',9,75.01,'Cavavin OEM',2,0,60,true),
('PC-000559','he push rod installation','General',6,43.93,'Cavavin OEM',2,0,50,true),
('PC-000560','he push rod installation seat','General',0,59.12,'Cavavin OEM',2,0,50,true),
('PC-000561','he square magnet','General',8,22.78,'Cavavin OEM',2,0,50,true),
('PC-000562','hinge moduie DG14-1178-SSL Module chamiere gauche','Door/Hardware',4,55.29,'DoorParts Co.',2,0,60,true),
('PC-000563','hinge module','Door/Hardware',3,63.15,'DoorParts Co.',2,0,60,true),
('PC-000564','hinge module Module gauche','Door/Hardware',7,9.77,'DoorParts Co.',2,0,60,true),
('PC-000565','hinge module droite','Door/Hardware',1,97.52,'DoorParts Co.',2,0,60,true),
('PC-000566','hinge module es Modute droite','Door/Hardware',6,49.08,'DoorParts Co.',2,0,60,true),
('PC-000567','hinge) Porte droite)','Door/Hardware',0,59.66,'DoorParts Co.',2,0,60,true),
('PC-000568','hinge) Porte gauche)','Door/Hardware',0,110.81,'DoorParts Co.',2,0,60,true),
('PC-000569','hinge) Porte gauche) Door handie ol de porte','Door/Hardware',3,73.12,'DoorParts Co.',2,0,60,true),
('PC-000570','hite LED light','Electronics',3,208.59,'Cavavin Electronics',2,0,20,true),
('PC-000571','hite display board','Electronics',2,158.98,'Cavavin Electronics',2,0,20,true),
('PC-000572','hite display board e Carte daffichage blanche','Electronics',2,175.18,'Cavavin Electronics',2,0,20,true),
('PC-000573','hock-proo glue DG13-24 Colle anti-choc','General',2,29.56,'Cavavin OEM',2,0,50,true),
('PC-000574','i Filtre s Etectrical power cord','Filter',0,26.22,'FilterPro',3,0,60,true),
('PC-000575','i LUMIERE LED 3000K LIGHT BOX oL BOITE DE LUMIERE MIDDLE AIR-DUCT BOARD','Electronics',6,110.56,'Cavavin Electronics',2,0,20,true),
('PC-000576','i SDT1209LBNP fan motor','Fan/Motor',6,113.32,'Cavavin OEM',2,0,60,true),
('PC-000577','i i Cante PCB','Electronics',3,152.72,'Cavavin Electronics',2,0,20,true),
('PC-000578','iPower cord','General',3,59.81,'Cavavin OEM',2,0,50,true),
('PC-000579','iddle air-duct board foam DG18-1061 Mousse de la plaque de conduit centrale Lower zone fan de la zone','Fan/Motor',7,52.70,'Cavavin OEM',2,0,60,true),
('PC-000580','ide rail Rail coulissant Beech wood display shelf','Electronics',2,84.02,'Cavavin Electronics',2,0,20,true),
('PC-000581','ieas FMXA6C Main PCB Board','Electronics',0,172.46,'Cavavin Electronics',2,0,20,true),
('PC-000582','ied M10','General',9,48.57,'Cavavin OEM',2,0,50,true),
('PC-000583','ig shelf','Shelving/Wood',2,102.72,'WoodCraft',2,0,40,true),
('PC-000584','ight door axs right hinge) S de porte droite droite) Len door axis left hinge) S st de porte gauche gauche)','Door/Hardware',2,61.56,'DoorParts Co.',2,0,60,true),
('PC-000585','igne de mise 1a terre du compresseur Seal pipe peiaia','Compressor',2,446.76,'Cavavin OEM',1,0,10,true),
('PC-000586','ignt us1-59 Lumiere Light cover','General',7,22.15,'Cavavin OEM',2,0,50,true),
('PC-000587','iim square handie mince','General',7,32.43,'Cavavin OEM',2,0,50,true),
('PC-000588','il cux','General',6,23.63,'Cavavin OEM',2,0,50,true),
('PC-000589','ilent Fan','Fan/Motor',9,68.20,'Cavavin OEM',2,0,60,true),
('PC-000590','ilent Fan D203-0150 Ventilateur silencieux','Fan/Motor',6,95.95,'Cavavin OEM',2,0,60,true),
('PC-000591','ilent Fan Dz03-0150 Ventilateur silencieux','Fan/Motor',7,98.86,'Cavavin OEM',2,0,60,true),
('PC-000592','ilent Fan WG02-0039-111 Ventilateur silencieux 58s C E','Fan/Motor',10,42.89,'Cavavin OEM',2,0,60,true),
('PC-000593','iltre','General',6,33.95,'Cavavin OEM',2,0,50,true),
('PC-000594','iltre 800s Drop-proof device','General',4,35.23,'Cavavin OEM',2,0,50,true),
('PC-000595','iltre charbon','General',6,60.04,'Cavavin OEM',2,0,50,true),
('PC-000596','imit wheel','General',3,19.81,'Cavavin OEM',2,0,50,true),
('PC-000597','imited rubber','General',7,37.99,'Cavavin OEM',2,0,50,true),
('PC-000598','imitwheel','General',0,42.25,'Cavavin OEM',2,0,50,true),
('PC-000599','in with Drop-proof device','General',9,16.12,'Cavavin OEM',2,0,50,true),
('PC-000600','inch trinodal stiding rail','General',2,37.23,'Cavavin OEM',2,0,50,true),
('PC-000601','inch trnodat stiding rait','General',9,61.41,'Cavavin OEM',2,0,50,true),
('PC-000602','ingle zone suction tube','Plumbing',2,61.62,'CopperWorks',2,0,50,true),
('PC-000603','ingle zone suction tube Tube zone unique','Plumbing',7,46.31,'CopperWorks',2,0,50,true),
('PC-000604','ingte zone suction tube','Plumbing',6,65.08,'CopperWorks',2,0,50,true),
('PC-000605','ini white display board Mini carte blanche 2D White LED light','Electronics',5,206.05,'Cavavin Electronics',2,0,20,true),
('PC-000606','ini white display board Mini carte blanche s','Electronics',3,67.69,'Cavavin Electronics',2,0,20,true),
('PC-000607','inition en acier inoxydable avec','General',6,33.93,'Cavavin OEM',2,0,50,true),
('PC-000608','inner water tank','General',4,20.83,'Cavavin OEM',2,0,50,true),
('PC-000609','inoxydable','General',8,71.33,'Cavavin OEM',2,0,50,true),
('PC-000610','inoxydable Black right hinge','Door/Hardware',4,27.72,'DoorParts Co.',2,0,60,true),
('PC-000611','inoxydable M10 cabinet leg','General',2,66.91,'Cavavin OEM',2,0,50,true),
('PC-000612','inoxydable avec serrure','Door/Hardware',7,24.51,'DoorParts Co.',2,0,60,true),
('PC-000613','installation box DG22-11362 nvd','Packaging',115,7.36,'Cavavin Packaging',10,0,200,true),
('PC-000614','isplay board D207-0008-330 Carte d affichage LCD','Electronics',0,179.59,'Cavavin Electronics',2,0,20,true),
('PC-000615','ispositif anti-chute 80s','General',2,55.55,'Cavavin OEM',2,0,50,true),
('PC-000616','itre charbon','General',6,53.74,'Cavavin OEM',2,0,50,true),
('PC-000617','ixed seat','General',4,74.60,'Cavavin OEM',2,0,50,true),
('PC-000618','ixed seat 20e fixe','General',8,49.34,'Cavavin OEM',2,0,50,true),
('PC-000619','j D201-1611 cabinet leg Pied M10','General',1,20.64,'Cavavin OEM',2,0,50,true),
('PC-000620','j DZ19-0074 Tuyau de connexion','Plumbing',7,53.98,'CopperWorks',2,0,50,true),
('PC-000621','j US4-60 du conduit','General',2,29.07,'Cavavin OEM',2,0,50,true),
('PC-000622','j us19','General',7,32.43,'Cavavin OEM',2,0,50,true),
('PC-000623','k RESERVOIR 7n','General',10,48.74,'Cavavin OEM',2,0,50,true),
('PC-000624','kick plate','General',6,36.92,'Cavavin OEM',2,0,50,true),
('PC-000625','kick plate with lock','Door/Hardware',5,79.62,'DoorParts Co.',2,0,60,true),
('PC-000626','l D20L gauche noire','General',0,16.83,'Cavavin OEM',2,0,50,true),
('PC-000627','l PCE board','Electronics',1,82.97,'Cavavin Electronics',2,0,20,true),
('PC-000628','l container','General',5,37.44,'Cavavin OEM',2,0,50,true),
('PC-000629','l de porte','Door/Hardware',4,94.14,'DoorParts Co.',2,0,60,true),
('PC-000630','l lwcomu Compresseur NB1116HY','Compressor',0,340.06,'Cavavin OEM',1,0,10,true),
('PC-000631','l pzo1 Serrure ronde en acier inoxydable Metal lock pin Dnt-2e03 Goupille de serrure Magnet control switch bracket D201-2563 Support','Electronics',2,208.01,'Cavavin Electronics',2,0,20,true),
('PC-000632','la porte) 1n','Door/Hardware',6,44.79,'DoorParts Co.',2,0,60,true),
('PC-000633','lack door gasket','Door/Hardware',2,30.78,'DoorParts Co.',2,0,60,true),
('PC-000634','lack door hinge D201-13103 noire de porte','Door/Hardware',10,65.10,'DoorParts Co.',2,0,60,true),
('PC-000635','lack kick plate','General',6,19.61,'Cavavin OEM',2,0,50,true),
('PC-000636','lack left hinge','Door/Hardware',7,116.61,'DoorParts Co.',2,0,60,true),
('PC-000637','lack left hinge gauche noire Limited rubber','Door/Hardware',9,123.90,'DoorParts Co.',2,0,60,true),
('PC-000638','lack metal frame for glass plate','General',6,56.24,'Cavavin OEM',2,0,50,true),
('PC-000639','lack right hinge','Door/Hardware',0,95.54,'DoorParts Co.',2,0,60,true),
('PC-000640','lack right hinge droiis','Door/Hardware',6,39.24,'DoorParts Co.',2,0,60,true),
('PC-000641','lack right hinge droite noire Black left hinge','Door/Hardware',2,70.36,'DoorParts Co.',2,0,60,true),
('PC-000642','lack sensor cover','Electronics',4,190.66,'Cavavin Electronics',2,0,20,true),
('PC-000643','lack sensor cover de capteur noir','Electronics',2,71.07,'Cavavin Electronics',2,0,20,true),
('PC-000644','lackright hinge','Door/Hardware',8,42.55,'DoorParts Co.',2,0,60,true),
('PC-000645','lague de plinthe VI60 en acier','General',8,16.94,'Cavavin OEM',2,0,50,true),
('PC-000646','laque de plinthe SS zone suction tube','Plumbing',8,33.92,'CopperWorks',2,0,50,true),
('PC-000647','laque de plinthe VI35 en acier','General',8,45.43,'Cavavin OEM',2,0,50,true),
('PC-000648','laque de plinthe VI35 noire','General',1,19.42,'Cavavin OEM',2,0,50,true),
('PC-000649','laque de plinthe VI60 en acier','General',8,20.31,'Cavavin OEM',2,0,50,true),
('PC-000650','laque isolante du chautfage','General',2,52.87,'Cavavin OEM',2,0,50,true),
('PC-000651','lass shelf','Shelving/Wood',7,175.69,'WoodCraft',2,0,40,true),
('PC-000652','lastic lock base','Door/Hardware',6,24.12,'DoorParts Co.',2,0,60,true),
('PC-000653','lastic lock base Base de serrure en plastique','Door/Hardware',10,68.58,'DoorParts Co.',2,0,60,true),
('PC-000654','lavec serrure','Door/Hardware',3,26.02,'DoorParts Co.',2,0,60,true),
('PC-000655','lectrical power cord','General',8,69.59,'Cavavin OEM',2,0,50,true),
('PC-000656','lectromagnetic vaive Valve','General',5,54.44,'Cavavin OEM',2,0,50,true),
('PC-000657','lectrovanne 115V','General',5,73.26,'Cavavin OEM',2,0,50,true),
('PC-000658','leg 46j Pied','General',2,58.59,'Cavavin OEM',2,0,50,true),
('PC-000659','leg i3s3 el e','General',7,51.85,'Cavavin OEM',2,0,50,true),
('PC-000660','lide rail','General',5,18.25,'Cavavin OEM',2,0,50,true),
('PC-000661','lide rail B t su Beech wood sheif F en bois de Beech wood shelf with CAVAVIN e L logo','Shelving/Wood',8,70.46,'WoodCraft',2,0,40,true),
('PC-000662','lide rail Left side','General',0,69.09,'Cavavin OEM',2,0,50,true),
('PC-000663','lide rail Right side','General',3,66.43,'Cavavin OEM',2,0,50,true),
('PC-000664','lide rait','General',0,22.16,'Cavavin OEM',2,0,50,true),
('PC-000665','liding Beech wood shelf','Shelving/Wood',6,125.72,'WoodCraft',2,0,40,true),
('PC-000666','light board','Electronics',6,163.93,'Cavavin Electronics',2,0,20,true),
('PC-000667','light board Carte LED','Electronics',0,212.04,'Cavavin Electronics',2,0,20,true),
('PC-000668','light board cover Cache carte LED','Electronics',3,60.04,'Cavavin Electronics',2,0,20,true),
('PC-000669','light board cover Cache carte LED L LED light board po3-218K Carte LED','Electronics',2,155.43,'Cavavin Electronics',2,0,20,true),
('PC-000670','light board cover carte LED','Electronics',1,140.45,'Cavavin Electronics',2,0,20,true),
('PC-000671','lim square handie','General',3,38.71,'Cavavin OEM',2,0,50,true),
('PC-000672','lim square handle','Door/Hardware',2,21.51,'DoorParts Co.',2,0,60,true),
('PC-000673','lim square handle D200 mince Stainless steel round Lock','Door/Hardware',8,142.08,'DoorParts Co.',2,0,60,true),
('PC-000674','limitateur','General',7,74.93,'Cavavin OEM',2,0,50,true),
('PC-000675','linthe de ventilation en acier','General',7,41.10,'Cavavin OEM',2,0,50,true),
('PC-000676','lock DG s','Door/Hardware',7,70.72,'DoorParts Co.',2,0,60,true),
('PC-000677','lock pin','Door/Hardware',3,20.16,'DoorParts Co.',2,0,60,true),
('PC-000678','logo','General',6,68.57,'Cavavin OEM',2,0,50,true),
('PC-000679','logo en bois de avec logo','Shelving/Wood',8,164.45,'WoodCraft',2,0,40,true),
('PC-000680','lus4-59 Plaque du conduit The upper air-duct upper board','Electronics',2,216.26,'Cavavin Electronics',2,0,20,true),
('PC-000681','mall shelf','Shelving/Wood',3,46.23,'WoodCraft',2,0,40,true),
('PC-000682','mbout de cache-capteur','Electronics',6,149.16,'Cavavin Electronics',2,0,20,true),
('PC-000683','mbraco Inverter FMXASC','Compressor',2,405.61,'Cavavin OEM',1,0,10,true),
('PC-000684','mince','General',10,63.97,'Cavavin OEM',2,0,50,true),
('PC-000685','mn JOCIIND a2 lYC100D-22-DQ-007 d i H qn se','General',2,68.51,'Cavavin OEM',2,0,50,true),
('PC-000686','motor JGY-2838-12V-40RPM','General',8,22.33,'Cavavin OEM',2,0,50,true),
('PC-000687','motor JGY-2838012V-20RPM','General',8,30.54,'Cavavin OEM',2,0,50,true),
('PC-000688','mounting box','Packaging',79,14.33,'Cavavin Packaging',10,0,200,true),
('PC-000689','n e Ressort tactile','General',0,53.73,'Cavavin OEM',2,0,50,true),
('PC-000690','n i Joint du bouton','Door/Hardware',2,70.35,'DoorParts Co.',2,0,60,true),
('PC-000691','n/d G191 Cache ventilateur','Fan/Motor',9,60.06,'Cavavin OEM',2,0,60,true),
('PC-000692','n/d Outside fan bracket S G145 Support ventilateur','Fan/Motor',6,28.09,'Cavavin OEM',2,0,60,true),
('PC-000693','n/d bracket a2 Support compresseur','Compressor',2,258.81,'Cavavin OEM',1,0,10,true),
('PC-000694','n/d duct board A Plaque de conduit A','Electronics',3,186.89,'Cavavin Electronics',2,0,20,true),
('PC-000695','nite LED tight LED blanche es','Electronics',6,203.93,'Cavavin Electronics',2,0,20,true),
('PC-000696','noire de porte','Door/Hardware',2,30.25,'DoorParts Co.',2,0,60,true),
('PC-000697','noire de porte JBS4125D-011','Door/Hardware',6,16.38,'DoorParts Co.',2,0,60,true),
('PC-000698','nterrupteur lumineux de porte','Door/Hardware',3,18.87,'DoorParts Co.',2,0,60,true),
('PC-000699','ntretoise de','General',7,66.70,'Cavavin OEM',2,0,50,true),
('PC-000700','ntretoise de boite','Packaging',49,3.71,'Cavavin Packaging',10,0,200,true),
('PC-000701','o L Boucle de vis','Fasteners',82,1.84,'FixFast',50,0,500,true),
('PC-000702','o Push rod decorative cover','General',7,24.49,'Cavavin OEM',2,0,50,true),
('PC-000703','o Stide rail','General',6,17.20,'Cavavin OEM',2,0,50,true),
('PC-000704','o o Evaporator','Evaporator',6,187.87,'Cavavin OEM',1,0,20,true),
('PC-000705','o oo','General',5,31.21,'Cavavin OEM',2,0,50,true),
('PC-000706','oG13-1048 e oo','General',6,48.10,'Cavavin OEM',2,0,50,true),
('PC-000707','ock base','General',4,49.85,'Cavavin OEM',2,0,50,true),
('PC-000708','ock end','General',8,67.41,'Cavavin OEM',2,0,50,true),
('PC-000709','ock fixing seat','General',3,60.53,'Cavavin OEM',2,0,50,true),
('PC-000710','ockend','General',10,46.27,'Cavavin OEM',2,0,50,true),
('PC-000711','ocking plate','General',1,17.46,'Cavavin OEM',2,0,50,true),
('PC-000712','oint de porte MZ1333','Door/Hardware',10,70.06,'DoorParts Co.',2,0,60,true),
('PC-000713','olenoid vaive e Electrovanne 115V','General',3,73.51,'Cavavin OEM',2,0,50,true),
('PC-000714','olenoid valve','General',9,22.81,'Cavavin OEM',2,0,50,true),
('PC-000715','olenoid valve B','General',6,59.55,'Cavavin OEM',2,0,50,true),
('PC-000716','olors LED light','Electronics',1,208.23,'Cavavin Electronics',2,0,20,true),
('PC-000717','ompressor','General',3,53.96,'Cavavin OEM',2,0,50,true),
('PC-000718','ondenser','General',4,37.05,'Cavavin OEM',2,0,50,true),
('PC-000719','ondenseur','General',4,43.75,'Cavavin OEM',2,0,50,true),
('PC-000720','ondensor','General',6,53.66,'Cavavin OEM',2,0,50,true),
('PC-000721','onnecting pipe','Plumbing',2,43.44,'CopperWorks',2,0,50,true),
('PC-000722','onnection pipe DG12-21 de raccordement d','Plumbing',7,71.83,'CopperWorks',2,0,50,true),
('PC-000723','onnection pipe pG12-21 de raccordement','Plumbing',7,62.76,'CopperWorks',2,0,50,true),
('PC-000724','ontrol panel assembly bracket','General',3,34.06,'Cavavin OEM',2,0,50,true),
('PC-000725','ontrol panel film Fiim panneau de','General',6,31.88,'Cavavin OEM',2,0,50,true),
('PC-000726','ontrol panel fim','General',3,62.50,'Cavavin OEM',2,0,50,true),
('PC-000727','ood trim','General',5,43.04,'Cavavin OEM',2,0,50,true),
('PC-000728','oor Ught switch','Electronics',4,98.32,'Cavavin Electronics',2,0,20,true),
('PC-000729','oor axis','General',2,26.83,'Cavavin OEM',2,0,50,true),
('PC-000730','oor catch','General',2,19.46,'Cavavin OEM',2,0,50,true),
('PC-000731','oor gasket','Door/Hardware',10,97.99,'DoorParts Co.',2,0,60,true),
('PC-000732','oor gasket DZ23-0187-6 Joint de porte M21333','Door/Hardware',7,142.19,'DoorParts Co.',2,0,60,true),
('PC-000733','oor gasket Joint de porte','Door/Hardware',5,94.95,'DoorParts Co.',2,0,60,true),
('PC-000734','oor handie','General',10,29.12,'Cavavin OEM',2,0,50,true),
('PC-000735','oor handie Poignee de porte','Door/Hardware',6,25.63,'DoorParts Co.',2,0,60,true),
('PC-000736','oor hinge','Door/Hardware',0,102.30,'DoorParts Co.',2,0,60,true),
('PC-000737','oor hinge DZ01-1310-3 de porte JBS4125D-011','Door/Hardware',10,117.99,'DoorParts Co.',2,0,60,true),
('PC-000738','oor hinge Dz01-1310-2 de porte JBS4125D-011','Door/Hardware',6,65.43,'DoorParts Co.',2,0,60,true),
('PC-000739','oor hinge Dz01-13103 de porte JBS4125D-011','Door/Hardware',3,71.51,'DoorParts Co.',2,0,60,true),
('PC-000740','oor light switch','Electronics',2,78.80,'Cavavin Electronics',2,0,20,true),
('PC-000741','oor ninge)','General',4,17.80,'Cavavin OEM',2,0,50,true),
('PC-000742','oor support iron liner hinge) Renfort support porte DG14-1179-SR gauche)','Door/Hardware',6,71.84,'DoorParts Co.',2,0,60,true),
('PC-000743','oor with handle/gasket','Door/Hardware',7,104.55,'DoorParts Co.',2,0,60,true),
('PC-000744','oorcatch','General',9,34.85,'Cavavin OEM',2,0,50,true),
('PC-000745','oortock','General',2,54.67,'Cavavin OEM',2,0,50,true),
('PC-000746','oot DEL couleurs','General',3,26.58,'Cavavin OEM',2,0,50,true),
('PC-000747','ooz N Joint de porte s SS door with lock','Door/Hardware',1,44.52,'DoorParts Co.',2,0,60,true),
('PC-000748','op hinge module','Door/Hardware',9,79.45,'DoorParts Co.',2,0,60,true),
('PC-000749','op hinge module DG14-1062R chamire droite','Door/Hardware',0,60.06,'DoorParts Co.',2,0,60,true),
('PC-000750','op hinge module chamiere gauche','Door/Hardware',1,103.00,'DoorParts Co.',2,0,60,true),
('PC-000751','op hinge module droite','Door/Hardware',2,78.57,'DoorParts Co.',2,0,60,true),
('PC-000752','ordon','General',2,21.51,'Cavavin OEM',2,0,50,true),
('PC-000753','orosseiig Black k plate','General',6,72.85,'Cavavin OEM',2,0,50,true),
('PC-000754','orte en acier inoxydable','General',1,21.84,'Cavavin OEM',2,0,50,true),
('PC-000755','orte en acier inoxydable SS35 sans','General',8,19.20,'Cavavin OEM',2,0,50,true),
('PC-000756','orte en acier inoxydable sans','General',8,57.91,'Cavavin OEM',2,0,50,true),
('PC-000757','orte en acier inoxydable sans soudure','General',5,15.06,'Cavavin OEM',2,0,50,true),
('PC-000758','orte en verre noir complet sans L','General',1,64.27,'Cavavin OEM',2,0,50,true),
('PC-000759','orte gauche)','General',7,22.17,'Cavavin OEM',2,0,50,true),
('PC-000760','osasnoit gauche) inid LED light board Carte LED','Electronics',4,99.78,'Cavavin Electronics',2,0,20,true),
('PC-000761','ot ey s Fittre charbon','General',6,37.08,'Cavavin OEM',2,0,50,true),
('PC-000762','oteur DC JGY-2838012V-40RPM','General',10,58.75,'Cavavin OEM',2,0,50,true),
('PC-000763','oteur de ventilateur SDT1209LBNP 850s','Fan/Motor',5,39.90,'Cavavin OEM',2,0,60,true),
('PC-000764','otiom gri for right hinge) Grille droite)','Door/Hardware',8,63.55,'DoorParts Co.',2,0,60,true),
('PC-000765','otiom gril lef hinge) gauche)','Door/Hardware',2,86.15,'DoorParts Co.',2,0,60,true),
('PC-000766','ottom grill left hinge) Grile gauche)','Door/Hardware',0,65.14,'DoorParts Co.',2,0,60,true),
('PC-000767','ottom grill right hinge) SO SER Grile droite) Botiom gnil inge) ps gauche)','Door/Hardware',1,113.58,'DoorParts Co.',2,0,60,true),
('PC-000768','ouble zone suction tube','Plumbing',1,76.79,'CopperWorks',2,0,50,true),
('PC-000769','ouch the spring','General',3,22.74,'Cavavin OEM',2,0,50,true),
('PC-000770','oucn the spring','General',10,63.34,'Cavavin OEM',2,0,50,true),
('PC-000771','oupille de serrure','Door/Hardware',7,85.33,'DoorParts Co.',2,0,60,true),
('PC-000772','oupille du dispositif anti-chute','General',3,52.19,'Cavavin OEM',2,0,50,true),
('PC-000773','oupille du dispositif anti-chute Lock base','Door/Hardware',3,60.96,'DoorParts Co.',2,0,60,true),
('PC-000774','ousse d','General',5,70.72,'Cavavin OEM',2,0,50,true),
('PC-000775','outside fan 0G7-47-R Ventilatcur','Fan/Motor',7,63.23,'Cavavin OEM',2,0,60,true),
('PC-000776','ow hinge moduie 45j DG14-1178-SSR Module droite','Door/Hardware',4,97.86,'DoorParts Co.',2,0,60,true),
('PC-000777','ow hinge module e bs chamisre gauche','Door/Hardware',5,148.69,'DoorParts Co.',2,0,60,true),
('PC-000778','ower PCB','Electronics',5,70.64,'Cavavin Electronics',2,0,20,true),
('PC-000779','ower box','Packaging',73,12.25,'Cavavin Packaging',10,0,200,true),
('PC-000780','ower cord','General',7,52.54,'Cavavin OEM',2,0,50,true),
('PC-000781','ower hinge','Door/Hardware',9,13.39,'DoorParts Co.',2,0,60,true),
('PC-000782','ower installation box','Packaging',47,8.86,'Cavavin Packaging',10,0,200,true),
('PC-000783','ower line Ligne','General',8,38.38,'Cavavin OEM',2,0,50,true),
('PC-000784','ower line Ligne dalimentation','General',6,21.44,'Cavavin OEM',2,0,50,true),
('PC-000785','ower line pa21 Ligne','General',3,18.30,'Cavavin OEM',2,0,50,true),
('PC-000786','ower zone suction tube','Plumbing',2,12.44,'CopperWorks',2,0,50,true),
('PC-000787','oy crc','General',1,52.43,'Cavavin OEM',2,0,50,true),
('PC-000788','p Serrure ronde en acier inoxydable','Door/Hardware',10,146.77,'DoorParts Co.',2,0,60,true),
('PC-000789','p W SDT1212MBNP fan motor','Fan/Motor',10,106.58,'Cavavin OEM',2,0,60,true),
('PC-000790','p2oeouzys DEL couleurs Evaporator Assembly','Evaporator',3,149.76,'Cavavin OEM',1,0,20,true),
('PC-000791','panal fim Film panneau de','General',8,68.65,'Cavavin OEM',2,0,50,true),
('PC-000792','panel assembly bracket','General',3,15.18,'Cavavin OEM',2,0,50,true),
('PC-000793','panneau de','General',7,68.61,'Cavavin OEM',2,0,50,true),
('PC-000794','patzostt Boite en carton V-250WDZ y iRoundness light cover','Packaging',38,5.99,'Cavavin Packaging',10,0,200,true),
('PC-000795','pc Inverter Embraco FMXASC Main PCB board D206-0100 Carte PCB principale','Compressor',3,250.20,'Embraco',1,0,10,true),
('PC-000796','pipe','Plumbing',4,20.39,'CopperWorks',2,0,50,true),
('PC-000797','pipe 1s Tuyau de connexion Dryer fiter Fitre us Plastic lock base Base de serrure en plastique Power cord Cordon container Inverter','Compressor',0,368.71,'Cavavin OEM',1,0,10,true),
('PC-000798','pipe DG12-10295 de circulation v','Plumbing',4,18.53,'CopperWorks',2,0,50,true),
('PC-000799','plate DZ17-1101-1 Plaque de varrd','General',5,73.43,'Cavavin OEM',2,0,50,true),
('PC-000800','pper hinge','Door/Hardware',3,111.97,'DoorParts Co.',2,0,60,true),
('PC-000801','proirose E E Joint du bouton','Door/Hardware',0,104.42,'DoorParts Co.',2,0,60,true),
('PC-000802','pusnrod Tige de 620s','General',3,27.59,'Cavavin OEM',2,0,50,true),
('PC-000803','quare Magnet the door) Ls la porte)','Door/Hardware',3,101.73,'DoorParts Co.',2,0,60,true),
('PC-000804','r EN ACIER INOXYDABLE AND PAYKEL HANDLE MW 2y e FISHER PAYKEL L PROFESSIONNELLE HINGE AXIS FOR S-028WDZ-R-V1','Door/Hardware',8,66.91,'DoorParts Co.',2,0,60,true),
('PC-000805','r fan cover','Fan/Motor',2,39.34,'Cavavin OEM',2,0,60,true),
('PC-000806','r r PCB board','Electronics',4,177.47,'Cavavin Electronics',2,0,20,true),
('PC-000807','racket forfan US1-34 Support pour ventilateur','Fan/Motor',1,64.08,'Cavavin OEM',2,0,60,true),
('PC-000808','rain-pipe FL-107 Tuyau de vidange','Plumbing',10,29.85,'CopperWorks',2,0,50,true),
('PC-000809','rain-pipe FL-107 Tuyau de vidange il pipe A9 potz2) de raccordement L','Plumbing',5,79.65,'CopperWorks',2,0,50,true),
('PC-000810','rain-pipe FL183 de vidange e','Plumbing',4,60.14,'CopperWorks',2,0,50,true),
('PC-000811','ravel switch','Electronics',1,115.98,'Cavavin Electronics',2,0,20,true),
('PC-000812','ravet switch','Electronics',2,214.26,'Cavavin Electronics',2,0,20,true),
('PC-000813','rc handle','Door/Hardware',3,84.43,'DoorParts Co.',2,0,60,true),
('PC-000814','receiver','General',1,29.47,'Cavavin OEM',2,0,50,true),
('PC-000815','retopzsLol PLAQUE DE CONDUIT A DOUBLE ZONE DISPLAY BOARD DE CONTROLE MIDDLE AIR-DUCT ez CENTRAL FN PCB FIXER','Electronics',3,158.91,'Cavavin Electronics',2,0,20,true),
('PC-000816','rille frontale inoxydable)','General',4,24.05,'Cavavin OEM',2,0,50,true),
('PC-000817','rn LUMINEUX eni','General',8,73.12,'Cavavin OEM',2,0,50,true),
('PC-000818','robe','General',1,62.32,'Cavavin OEM',2,0,50,true),
('PC-000819','robe mounting bracket','General',1,48.45,'Cavavin OEM',2,0,50,true),
('PC-000820','ront SS trim for glass shelf','Shelving/Wood',3,177.04,'WoodCraft',2,0,40,true),
('PC-000821','rop-proof device','General',2,74.08,'Cavavin OEM',2,0,50,true),
('PC-000822','rop-proof device pin','Fasteners',165,1.56,'FixFast',50,0,500,true),
('PC-000823','rs d Fitre charbon 60s filter box','Filter',1,35.13,'FilterPro',3,0,60,true),
('PC-000824','ry filter','Filter',4,26.29,'FilterPro',3,0,60,true),
('PC-000825','ry fiter Filtre','Filter',14,36.94,'FilterPro',3,0,60,true),
('PC-000826','ry flter Fitre','General',4,24.37,'Cavavin OEM',2,0,50,true),
('PC-000827','ryer filter','Filter',8,17.35,'FilterPro',3,0,60,true),
('PC-000828','ryer filter Filtre','Filter',8,18.47,'FilterPro',3,0,60,true),
('PC-000829','ryer fiter','General',7,17.87,'Cavavin OEM',2,0,50,true),
('PC-000830','ryer fiter Filtre D202-0241-110 Plastic lock base Power cord','Filter',12,36.00,'FilterPro',3,0,60,true),
('PC-000831','ryer fitter','General',2,55.08,'Cavavin OEM',2,0,50,true),
('PC-000832','s Sensor cover end','Electronics',2,129.32,'Cavavin Electronics',2,0,20,true),
('PC-000833','s e Moteur de ventilateur SDT1209L BNP','Fan/Motor',9,113.66,'Cavavin OEM',2,0,60,true),
('PC-000834','s pacrpses Embraco Inverter compressor FMXA6C Main PCB board peuly Carte PCB principale','Compressor',2,318.38,'Embraco',1,0,10,true),
('PC-000835','s trim','General',10,62.26,'Cavavin OEM',2,0,50,true),
('PC-000836','s-100 Panneau de','General',6,46.32,'Cavavin OEM',2,0,50,true),
('PC-000837','s0 vc-2z-51-0031 s1','General',8,54.32,'Cavavin OEM',2,0,50,true),
('PC-000838','s108','General',3,47.38,'Cavavin OEM',2,0,50,true),
('PC-000839','s205 Lockend','Door/Hardware',10,22.50,'DoorParts Co.',2,0,60,true),
('PC-000840','s208 sx','General',10,74.85,'Cavavin OEM',2,0,50,true),
('PC-000841','s3-14 du','General',5,52.50,'Cavavin OEM',2,0,50,true),
('PC-000842','s3-45 Pieds pipe US2-12 circutaire','Plumbing',7,32.52,'CopperWorks',2,0,50,true),
('PC-000843','s3-48 de','General',4,15.12,'Cavavin OEM',2,0,50,true),
('PC-000844','s3-86 Fitre charbon back air-duct board','Electronics',2,198.71,'Cavavin Electronics',2,0,20,true),
('PC-000845','se Filtre','Filter',4,16.49,'FilterPro',3,0,60,true),
('PC-000846','sensor Assembly d Ensemble capteur de Sepa','Electronics',6,111.53,'Cavavin Electronics',2,0,20,true),
('PC-000847','serrure Handie en acier inoxydabie','Door/Hardware',9,96.20,'DoorParts Co.',2,0,60,true),
('PC-000848','shelt for control panel','General',0,62.76,'Cavavin OEM',2,0,50,true),
('PC-000849','shetf','General',1,24.23,'Cavavin OEM',2,0,50,true),
('PC-000850','shetr','General',8,29.42,'Cavavin OEM',2,0,50,true),
('PC-000851','side Tan YentiJateyt','General',5,60.14,'Cavavin OEM',2,0,50,true),
('PC-000852','siege fixe','General',9,60.62,'Cavavin OEM',2,0,50,true),
('PC-000853','silencieux','General',10,58.17,'Cavavin OEM',2,0,50,true),
('PC-000854','sneiwooden tn pors-116s5 evarturs en bois v Stainless steeitrim se Devanture en acier inoxydable v Biack wre shof controi panei oo nore panneau de v wre sheir pai11s nor v stopper m Butse v light switch 20n g nterrupteur lumineux de porte','Electronics',4,146.14,'Cavavin Electronics',2,0,20,true),
('PC-000855','soudure','General',2,33.47,'Cavavin OEM',2,0,50,true),
('PC-000856','ss0s','General',7,20.67,'Cavavin OEM',2,0,50,true),
('PC-000857','st AL SOV de la tige de s205','General',9,30.04,'Cavavin OEM',2,0,50,true),
('PC-000858','steel glass door Porte en acier inoxydable','Door/Hardware',2,22.28,'DoorParts Co.',2,0,60,true),
('PC-000859','strim','General',9,32.87,'Cavavin OEM',2,0,50,true),
('PC-000860','support iron liner hinge)','Door/Hardware',6,26.75,'DoorParts Co.',2,0,60,true),
('PC-000861','support iron liner hinge) Renfort support porte','Door/Hardware',3,63.78,'DoorParts Co.',2,0,60,true),
('PC-000862','support iron liner hinge) support porte drote)','Door/Hardware',8,17.30,'DoorParts Co.',2,0,60,true),
('PC-000863','sy r TU1110HY PCB board','Electronics',4,87.76,'Cavavin Electronics',2,0,20,true),
('PC-000864','tainless steel glass door','Door/Hardware',3,140.10,'DoorParts Co.',2,0,60,true),
('PC-000865','tainless steel round Lock sz Serrure ronde en acier inoxydable Metal lock pin DZ01-2695 de serrure Magnet control switch bracket Support o4 Magnet the door) 2J09-0004-4-3 i s porte)','Electronics',3,209.74,'Cavavin Electronics',2,0,20,true),
('PC-000866','tainless steel round lock','Door/Hardware',1,147.47,'DoorParts Co.',2,0,60,true),
('PC-000867','tainless steel round lock Serrure ronde en acier inoxydable','Door/Hardware',4,78.04,'DoorParts Co.',2,0,60,true),
('PC-000868','tainless steel trim with cuting','General',4,73.62,'Cavavin OEM',2,0,50,true),
('PC-000869','tainless steel trim with cutting','General',8,37.59,'Cavavin OEM',2,0,50,true),
('PC-000870','tainless steel trim with cutting DZ01-0061-6 Finition en acier inoxydable avec','General',0,29.71,'Cavavin OEM',2,0,50,true),
('PC-000871','tainless steel ventilation plinth','General',9,57.74,'Cavavin OEM',2,0,50,true),
('PC-000872','tainless steel ventilation plinth DZ01-0052 de ventitation en acier','General',0,25.89,'Cavavin OEM',2,0,50,true),
('PC-000873','tainless steel ventilation plinth Plinthe de ventilation en acier inoxydable','General',0,57.69,'Cavavin OEM',2,0,50,true),
('PC-000874','tainless steeltrim for wooden shelf','Shelving/Wood',2,38.79,'WoodCraft',2,0,40,true),
('PC-000875','taintess steel trim for wooden shelf','Shelving/Wood',3,42.99,'WoodCraft',2,0,40,true),
('PC-000876','tank','General',5,55.56,'Cavavin OEM',2,0,50,true),
('PC-000877','tectrical power cord','General',9,50.15,'Cavavin OEM',2,0,50,true),
('PC-000878','ticker','General',7,44.71,'Cavavin OEM',2,0,50,true),
('PC-000879','tide rail','General',8,21.32,'Cavavin OEM',2,0,50,true),
('PC-000880','tiding Beech wood shelf','Shelving/Wood',6,126.46,'WoodCraft',2,0,40,true),
('PC-000881','tiding Wood Shelf','Shelving/Wood',0,173.82,'WoodCraft',2,0,40,true),
('PC-000882','tn o b BTN','General',1,42.36,'Cavavin OEM',2,0,50,true),
('PC-000883','tock','General',7,19.25,'Cavavin OEM',2,0,50,true),
('PC-000884','trainer','General',9,61.19,'Cavavin OEM',2,0,50,true),
('PC-000885','trim','General',3,20.00,'Cavavin OEM',2,0,50,true),
('PC-000886','trunk-nail','General',10,61.16,'Cavavin OEM',2,0,50,true),
('PC-000887','trunk-nail Clou de fixation M5 wd','Fasteners',280,0.83,'FixFast',50,0,500,true),
('PC-000888','trunk-nail R0t Clou M5','Fasteners',191,2.13,'FixFast',50,0,500,true),
('PC-000889','trunk-nail d Clou M5','Fasteners',64,0.40,'FixFast',50,0,500,true),
('PC-000890','ts Limited rubber','General',5,53.93,'Cavavin OEM',2,0,50,true),
('PC-000891','tubulaire en acier inoxydable','General',5,65.49,'Cavavin OEM',2,0,50,true),
('PC-000892','tubular Handle','Door/Hardware',5,48.13,'DoorParts Co.',2,0,60,true),
('PC-000893','tubular handle','Door/Hardware',7,52.36,'DoorParts Co.',2,0,60,true),
('PC-000894','u de serrure','Door/Hardware',5,116.35,'DoorParts Co.',2,0,60,true),
('PC-000895','ube zone unique','General',4,43.65,'Cavavin OEM',2,0,50,true),
('PC-000896','uction tube','Plumbing',8,75.35,'CopperWorks',2,0,50,true),
('PC-000897','ul black glass door without handle','Door/Hardware',2,99.98,'DoorParts Co.',2,0,60,true),
('PC-000898','ull black glass door without handle','Door/Hardware',1,61.60,'DoorParts Co.',2,0,60,true),
('PC-000899','umiere LED blanche','Electronics',5,164.17,'Cavavin Electronics',2,0,20,true),
('PC-000900','upper control panel','General',3,74.39,'Cavavin OEM',2,0,50,true),
('PC-000901','uppor bracket of front legs Support des pieds avant va Door support iron iner hinge) DG14-1179-51 Renfort support porte aroie) v Door suppor iron liner hinge) Renfort support porte Jgauche) v 1DG12-1039','Door/Hardware',1,89.62,'DoorParts Co.',2,0,60,true),
('PC-000902','upport bracket of front legs DG22-1386-1 des pieds avant n/d','General',3,20.09,'Cavavin OEM',2,0,50,true),
('PC-000903','upport de montage de sonde','General',1,15.37,'Cavavin OEM',2,0,50,true),
('PC-000904','upport du panneau de v','General',5,17.25,'Cavavin OEM',2,0,50,true),
('PC-000905','us1-15','General',1,59.23,'Cavavin OEM',2,0,50,true),
('PC-000906','us1-6 Ventilateur central de','Fan/Motor',4,46.72,'Cavavin OEM',2,0,60,true),
('PC-000907','us1-6 Ventilateur circulaire','Fan/Motor',3,37.61,'Cavavin OEM',2,0,60,true),
('PC-000908','us2-18','General',5,63.92,'Cavavin OEM',2,0,50,true),
('PC-000909','us3-17 Plaque de conduit The upper sensor','Electronics',3,115.80,'Cavavin Electronics',2,0,20,true),
('PC-000910','us3-24','General',1,32.48,'Cavavin OEM',2,0,50,true),
('PC-000911','us3-27 de','General',6,70.84,'Cavavin OEM',2,0,50,true),
('PC-000912','us3-a9 Cache du capteur The upper air-duct lower board','Electronics',4,117.97,'Cavavin Electronics',2,0,20,true),
('PC-000913','usa-23 Plaque du conduit central The lower circle fan','Fan/Motor',2,25.10,'Cavavin OEM',2,0,60,true),
('PC-000914','usa-24 Plaque du conduit central lower sensor','Electronics',4,136.90,'Cavavin Electronics',2,0,20,true),
('PC-000915','ush rod','General',7,35.67,'Cavavin OEM',2,0,50,true),
('PC-000916','ush rod decorative cover','General',1,72.00,'Cavavin OEM',2,0,50,true),
('PC-000917','ush rod top cover','General',9,61.14,'Cavavin OEM',2,0,50,true),
('PC-000918','uss-12','General',2,19.64,'Cavavin OEM',2,0,50,true),
('PC-000919','uss-16','General',2,19.84,'Cavavin OEM',2,0,50,true),
('PC-000920','utside fan bracket ventiateur','Fan/Motor',2,55.43,'Cavavin OEM',2,0,60,true),
('PC-000921','utside fan cover DG193 ventilateur','Fan/Motor',5,36.10,'Cavavin OEM',2,0,60,true),
('PC-000922','utton gasket','Door/Hardware',10,41.37,'DoorParts Co.',2,0,60,true),
('PC-000923','uyau de connexion','General',10,33.16,'Cavavin OEM',2,0,50,true),
('PC-000924','uyau de connexion SDT1212MBNP fan motor','Fan/Motor',0,51.17,'Cavavin OEM',2,0,60,true),
('PC-000925','vaporateur','General',2,24.10,'Cavavin OEM',2,0,50,true),
('PC-000926','vaporator','General',3,38.24,'Cavavin OEM',2,0,50,true),
('PC-000927','vaporator fan BH-R','Fan/Motor',10,115.34,'Cavavin OEM',2,0,60,true),
('PC-000928','vaporator fan Ventilateur','Fan/Motor',0,92.15,'Cavavin OEM',2,0,60,true),
('PC-000929','ventiateur pc panel assembly bracket Support panneau de','General',9,35.36,'Cavavin OEM',2,0,50,true),
('PC-000930','y Joint de porte M1333 e Stainless steel glass door Porte en acier inoxydable P se Slim square handie mince Stainless steel round lock','Door/Hardware',0,26.13,'DoorParts Co.',2,0,60,true),
('PC-000931','y LED display board el Carte mini DEL LED display board A','Electronics',2,61.03,'Cavavin Electronics',2,0,20,true),
('PC-000932','z01-1071 mince','General',10,20.01,'Cavavin OEM',2,0,50,true),
('PC-000933','z03-0081 The square magnet','General',8,42.99,'Cavavin OEM',2,0,50,true),
('PC-000934','z03-0150 Ventilateur silencieux','Fan/Motor',0,87.70,'Cavavin OEM',2,0,60,true),
('PC-000935','z120161','General',0,63.04,'Cavavin OEM',2,0,50,true),
('PC-000936','zis-01s64 Tablette de en bois avec logo CAVAVIN','Shelving/Wood',8,105.06,'WoodCraft',2,0,40,true),
('PC-000937','zone unique','General',0,50.06,'Cavavin OEM',2,0,50,true);