INSERT INTO customers (customer_id, first_name, last_name, street_address, city, province, country, postal_code, user_id) VALUES
    ('123e4567-e89b-12d3-a456-426614174000', 'John', 'Doe', '123 Main St', 'Toronto', 'Ontario', 'Canada', 'M5V 1K4', 'f9b67bf1-3f7e-4f69-9c5d-5b5bdf9a02fd');

INSERT INTO customers (customer_id, first_name, last_name, street_address, city, province, country, postal_code, user_id) VALUES
    ('223e4567-e89b-12d3-a456-426614174001', 'Jane', 'Smith', '456 Elm St', 'Vancouver', 'British Columbia', 'Canada', 'V6B 3H7', 'a4c2d47e-8bd7-4b38-8e7a-356d02fb8e22');

INSERT INTO customers (customer_id, first_name, last_name, street_address, city, province, country, postal_code, user_id) VALUES
    ('323e4567-e89b-12d3-a456-426614174002', 'Alice', 'Brown', '789 Oak St', 'Montreal', 'Quebec', 'Canada', 'H3B 2Y5', '59a8ccc0-4e0f-4c4d-af64-2f61c7bea612');

INSERT INTO customers (customer_id, first_name, last_name, street_address, city, province, country, postal_code, user_id) VALUES
    ('423e4567-e89b-12d3-a456-426614174003', 'Bob', 'Johnson', '101 Maple St', 'Calgary', 'Alberta', 'Canada', 'T2P 3G7', '2a9aaa77-8c8d-47cc-8e7c-6c9835172bd4');

INSERT INTO customers (customer_id, first_name, last_name, street_address, city, province, country, postal_code, user_id) VALUES
    ('523e4567-e89b-12d3-a456-426614174004', 'Charlie', 'White', '202 Birch St', 'Halifax', 'Nova Scotia', 'Canada', 'B3J 2X4', 'b32f729b-48c4-43a3-a64e-cb7d871f763e');

INSERT INTO customers (customer_id, first_name, last_name, street_address, city, province, country, postal_code, user_id) VALUES
    ('623e4567-e89b-12d3-a456-426614174005', 'David', 'Lee', '303 Cedar St', 'Winnipeg', 'Manitoba', 'Canada', 'R3C 4W5', 'c4f6a9fc-2c36-4c54-9cea-4704ceca16fa');

INSERT INTO customers (customer_id, first_name, last_name, street_address, city, province, country, postal_code, user_id) VALUES
    ('723e4567-e89b-12d3-a456-426614174006', 'Eve', 'Martinez', '404 Pine St', 'Edmonton', 'Alberta', 'Canada', 'T5J 1Y6', 'd5a7db32-cf90-4a4d-b854-ad0b70339ad9');

INSERT INTO customers (customer_id, first_name, last_name, street_address, city, province, country, postal_code, user_id) VALUES
    ('823e4567-e89b-12d3-a456-426614174007', 'Frank', 'Clark', '505 Spruce St', 'Quebec City', 'Quebec', 'Canada', 'G1A 1A1', 'e0998012-7a2b-4b17-88a9-4acc2bee3a19');

INSERT INTO customers (customer_id, first_name, last_name, street_address, city, province, country, postal_code, user_id) VALUES
    ('923e4567-e89b-12d3-a456-426614174008', 'Grace', 'Harris', '606 Fir St', 'Regina', 'Saskatchewan', 'Canada', 'S4P 3X6', 'aaab9c8d-f0e5-4d4a-9db5-8bcbd6b692ac');

INSERT INTO customers (customer_id, first_name, last_name, street_address, city, province, country, postal_code, user_id) VALUES
    ('a23e4567-e89b-12d3-a456-426614174009', 'Henry', 'Adams', '707 Willow St', 'St. John''s', 'Newfoundland', 'Canada', 'A1C 1B2', '8f3c8a74-f24d-48bb-b74a-f1b62af0bb1c');

INSERT INTO customer_phonenumbers (customer_id, type, number) VALUES
    (1, 'MOBILE', '514-555-1234'),
    (1, 'HOME', '514-555-5678');

INSERT INTO customer_phonenumbers (customer_id, type, number) VALUES
    (2, 'MOBILE', '514-555-2345'),
    (2, 'HOME', '514-555-6789');

INSERT INTO customer_phonenumbers (customer_id, type, number) VALUES
    (3, 'WORK', '514-555-3456'),
    (3, 'MOBILE', '514-555-7890');

INSERT INTO customer_phonenumbers (customer_id, type, number) VALUES
    (4, 'WORK', '514-555-4567'),
    (4, 'MOBILE', '514-555-8901');

INSERT INTO customer_phonenumbers (customer_id, type, number) VALUES
    (5, 'MOBILE', '514-555-5679'),
    (5, 'HOME', '514-555-1234');

INSERT INTO customer_phonenumbers (customer_id, type, number) VALUES
    (6, 'MOBILE', '514-555-6782'),
    (6, 'HOME', '514-555-2346');

INSERT INTO customer_phonenumbers (customer_id, type, number) VALUES
    (7, 'MOBILE', '514-555-2348'),
    (7, 'WORK', '514-555-8765');

INSERT INTO customer_phonenumbers (customer_id, type, number) VALUES
    (8, 'WORK', '514-555-3458'),
    (8, 'MOBILE', '514-555-9990');

INSERT INTO customer_phonenumbers (customer_id, type, number) VALUES
    (9, 'MOBILE', '514-555-1237'),
    (9, 'HOME', '514-555-4569');

INSERT INTO customer_phonenumbers (customer_id, type, number) VALUES
    (10, 'MOBILE', '514-555-6781'),
    (10, 'WORK', '514-555-5555');

INSERT INTO jobs (job_id, job_name, job_description, hourly_rate, estimated_duration_minutes, job_type, active)
VALUES
    -- QUOTATION
    (UUID(), 'Free Quotation', 'Technician visits the site to evaluate cellar needs and prepare a detailed quote.', 0.00, 30, 'QUOTATION', TRUE),

    -- INSTALLATION
    (UUID(), 'Cellar Installation', 'Full installation of a new refrigeration system, wiring, tubing, and calibration.', 120.00, 240, 'INSTALLATION', TRUE),

    -- REPARATION
    (UUID(), 'Repair Service', 'Diagnosis and repair of refrigeration, humidity control, or electrical issues.', 95.00, 90, 'REPARATION', TRUE),

    -- MAINTENANCE
    (UUID(), 'Annual Maintenance', 'Full system checkup, cleaning, refrigerant check and performance optimization.', 85.00, 60, 'MAINTENANCE', TRUE);

INSERT INTO employees (
    employee_id, first_name, last_name, user_id, employee_role_type,
    street_address, city, province, country, postal_code
) VALUES (
             'c41b8f1c-7f5d-4f0e-8f2e-4b7d1e8c0b2d', -- Unique UUID
             'Alice',
             'Johnson',
             'AJOHNSON',
             'ADMIN', -- Role: ADMIN
             '45 Admin Plaza',
             'Toronto',
             'Ontario',
             'Canada',
             'M5V 2T3'
         );

-- Employee 2: TECHNICIAN
INSERT INTO employees (
    employee_id, first_name, last_name, user_id, employee_role_type,
    street_address, city, province, country, postal_code
) VALUES (
             'a9e6d3f2-1c0a-4b5c-9d8e-7a6f5e4d3c2b', -- Unique UUID
             'Bob',
             'Williams',
             'BWILLIAMS',
             'TECHNICIAN', -- Role: TECHNICIAN
             '101 Commerce Ave',
             'Montreal',
             'Quebec',
             'Canada',
             'H3B 2S2'
         );

-- Employee 3: SUPPORT
INSERT INTO employees (
    employee_id, first_name, last_name, user_id, employee_role_type,
    street_address, city, province, country, postal_code
) VALUES (
             '3f2c1b4a-9e7d-5c6b-1d0e-2a4f6b8c0d1e', -- Unique UUID
             'Carol',
             'Davis',
             'CDAVIS',
             'SUPPORT', -- Role: SUPPORT
             '707 Help Desk Dr',
             'Vancouver',
             'British Columbia',
             'Canada',
             'V6B 1P1'
         );

-- Employee 4: SALES
INSERT INTO employees (
    employee_id, first_name, last_name, user_id, employee_role_type,
    street_address, city, province, country, postal_code
) VALUES (
             '1e8c0b2d-4b7d-1e8c-0b2d-4b7d1e8c0b2d', -- Unique UUID
             'David',
             'Smith',
             'DSMITH',
             'SALES', -- Role: SALES
             '909 Commission Ct',
             'Calgary',
             'Alberta',
             'Canada',
             'T2G 0B8'
         );

-- ---------------------------------
-- 3. Insert Phone Number Data
-- ---------------------------------

-- Phones for Alice Johnson (ID = 1)
INSERT INTO employee_phonenumbers (employee_id, type, number) VALUES
    (1, 'WORK', '555-123-4567');

-- Phones for Bob Williams (ID = 2)
INSERT INTO employee_phonenumbers (employee_id, type, number) VALUES
                                                                  (2, 'WORK', '555-200-3000'),
                                                                  (2, 'MOBILE', '555-400-5000');

-- Phones for Carol Davis (ID = 3)
INSERT INTO employee_phonenumbers (employee_id, type, number) VALUES
    (3, 'WORK', '555-888-9999');

-- Phones for David Smith (ID = 4)
INSERT INTO employee_phonenumbers (employee_id, type, number) VALUES
    (4, 'MOBILE', '555-777-6666');

-- Seed schedules according to role rules
-- Technician (id=2): multiple appointment slots with >= 2h spacing
INSERT INTO schedules (employee_fk, day_of_week, time_slot)
SELECT 2, day_of_week, time_slot FROM (
    SELECT 'MONDAY' AS day_of_week, 'NINE_AM' AS time_slot
    UNION ALL SELECT 'MONDAY', 'ELEVEN_AM'
    UNION ALL SELECT 'MONDAY', 'ONE_PM'
    UNION ALL SELECT 'MONDAY', 'THREE_PM'
    UNION ALL SELECT 'TUESDAY', 'NINE_AM'
    UNION ALL SELECT 'TUESDAY', 'ELEVEN_AM'
    UNION ALL SELECT 'TUESDAY', 'ONE_PM'
    UNION ALL SELECT 'TUESDAY', 'THREE_PM'
    UNION ALL SELECT 'WEDNESDAY', 'NINE_AM'
    UNION ALL SELECT 'WEDNESDAY', 'ELEVEN_AM'
    UNION ALL SELECT 'WEDNESDAY', 'ONE_PM'
    UNION ALL SELECT 'WEDNESDAY', 'THREE_PM'
    UNION ALL SELECT 'THURSDAY', 'NINE_AM'
    UNION ALL SELECT 'THURSDAY', 'ELEVEN_AM'
    UNION ALL SELECT 'THURSDAY', 'ONE_PM'
    UNION ALL SELECT 'THURSDAY', 'THREE_PM'
    UNION ALL SELECT 'FRIDAY', 'NINE_AM'
    UNION ALL SELECT 'FRIDAY', 'ELEVEN_AM'
    UNION ALL SELECT 'FRIDAY', 'ONE_PM'
    UNION ALL SELECT 'FRIDAY', 'THREE_PM'
) t;

-- Non-technicians (ids=1,3,4): one continuous work slot per day.
-- Since continuous range isn’t represented in enum, seed a single marker slot per day (e.g., NINE_AM).
-- The service enforces only one slot per day for these roles.
-- For non-technicians, seed both start (9 AM) and end (6 PM) markers per day to reflect a full work day visually
INSERT INTO schedules (employee_fk, day_of_week, time_slot) VALUES
    (1, 'MONDAY', 'NINE_AM'),(1, 'MONDAY', 'FIVE_PM'),
    (1, 'TUESDAY', 'NINE_AM'),(1, 'TUESDAY', 'FIVE_PM'),
    (1, 'WEDNESDAY', 'NINE_AM'),(1, 'WEDNESDAY', 'FIVE_PM'),
    (1, 'THURSDAY', 'NINE_AM'),(1, 'THURSDAY', 'FIVE_PM'),
    (1, 'FRIDAY', 'NINE_AM'),(1, 'FRIDAY', 'FIVE_PM'),
    (3, 'MONDAY', 'NINE_AM'),(3, 'MONDAY', 'FIVE_PM'),
    (3, 'TUESDAY', 'NINE_AM'),(3, 'TUESDAY', 'FIVE_PM'),
    (3, 'WEDNESDAY', 'NINE_AM'),(3, 'WEDNESDAY', 'FIVE_PM'),
    (3, 'THURSDAY', 'NINE_AM'),(3, 'THURSDAY', 'FIVE_PM'),
    (3, 'FRIDAY', 'NINE_AM'),(3, 'FRIDAY', 'FIVE_PM'),
    (4, 'MONDAY', 'NINE_AM'),(4, 'MONDAY', 'FIVE_PM'),
    (4, 'TUESDAY', 'NINE_AM'),(4, 'TUESDAY', 'FIVE_PM'),
    (4, 'WEDNESDAY', 'NINE_AM'),(4, 'WEDNESDAY', 'FIVE_PM'),
    (4, 'THURSDAY', 'NINE_AM'),(4, 'THURSDAY', 'FIVE_PM'),
    (4, 'FRIDAY', 'NINE_AM'),(4, 'FRIDAY', 'FIVE_PM');

INSERT INTO cellars (
    cellar_id, owner_customer_id, name,
    height, width, depth, bottle_capacity,
    has_cooling_system, has_humidity_control, has_auto_regulation,
    cellar_type
) VALUES
      (UUID(), '123e4567-e89b-12d3-a456-426614174000', 'Toronto Basement Cellar',
       220, 300, 250, 500,
       TRUE, TRUE, FALSE,
       'PRIVATE'),

      (UUID(), '223e4567-e89b-12d3-a456-426614174001', 'Vancouver Wine Cabinet',
       180, 90, 60, 120,
       TRUE, FALSE, FALSE,
       'MODULAR'),

      (UUID(), '323e4567-e89b-12d3-a456-426614174002', 'Montreal Aging Cellar',
       210, 280, 240, 800,
       TRUE, TRUE, TRUE,
       'COMMERCIAL'),

      (UUID(), '423e4567-e89b-12d3-a456-426614174003', 'Calgary Showcase Cellar',
       200, 250, 200, 350,
       FALSE, FALSE, FALSE,
       'COMMERCIAL'),

      (UUID(), '523e4567-e89b-12d3-a456-426614174004', 'Halifax Small Cellar',
       150, 120, 80, 60,
       TRUE, FALSE, FALSE,
       'MODULAR'),

      (UUID(), '623e4567-e89b-12d3-a456-426614174005', 'Winnipeg Cooling Cellar',
       260, 320, 300, 1000,
       TRUE, TRUE, TRUE,
       'PROFESSIONAL'),

      (UUID(), '723e4567-e89b-12d3-a456-426614174006', 'Edmonton Wine Wall',
       190, 180, 35, 90,
       FALSE, FALSE, FALSE,
       'PROFESSIONAL'),

      (UUID(), '823e4567-e89b-12d3-a456-426614174007', 'Quebec City Premium Cellar',
       240, 300, 260, 700,
       TRUE, TRUE, TRUE,
       'PROFESSIONAL'),

      (UUID(), '923e4567-e89b-12d3-a456-426614174008', 'Regina Wine Storage',
       200, 260, 240, 450,
       TRUE, FALSE, FALSE,
       'PRIVATE'),

      (UUID(), 'a23e4567-e89b-12d3-a456-426614174009', 'St Johns Coastal Cellar',
       180, 200, 180, 250,
       TRUE, TRUE, FALSE,
       'PRIVATE');

--- Parts --------------------------------
INSERT INTO parts (part_id, name) VALUES
                                      ('PC-00001','115V Heating strip'),
                                      ('PC-00002','250850Z19-0052'),
                                      ('PC-00003','2J01-0204-1 soudure'),
                                      ('PC-00004','510s'),
                                      ('PC-00005','520s'),
                                      ('PC-00006','A R display board'),
                                      ('PC-00007','B Plaque de conduit'),
                                      ('PC-00008','Bande chauffante'),
                                      ('PC-00009','Bande chauffante PTC Sensor'),
                                      ('PC-00010','Bande chauffante SDT1209LBNP fan motor'),
                                      ('PC-00011','Base de serrure'),
                                      ('PC-00012','Base de serrure 510s'),
                                      ('PC-00013','Base de serrure Electrical power cord'),
                                      ('PC-00014','Base de serrure Evaporator'),
                                      ('PC-00015','Base de serrure s205'),
                                      ('PC-00016','Beech wood plate with CAVAVIN'),
                                      ('PC-00017','Beech wood shelf'),
                                      ('PC-00018','Black door hinge'),
                                      ('PC-00019','Black left hinge'),
                                      ('PC-00020','Bloc de Bloc limitateur 510s Back trim for glass shelf'),
                                      ('PC-00021','Boite de montage de'),
                                      ('PC-00022','Boite de montage de s208'),
                                      ('PC-00023','Boite du filtre charbon'),
                                      ('PC-00024','Boitie fitre charbon'),
                                      ('PC-00025','Boucle de vis 520s'),
                                      ('PC-00026','CAVAVIN'),
                                      ('PC-00027','CAVAVIN NOM DE LA PIECE COUTEN USD ENCAD VENDANT CAD'),
                                      ('PC-00028','CAVAVIN PART NUMBER No PARTS NAME COSTUS COSTCAN DE CAVAVIN NOMDE LA EN USD COUTEN CAD VENDANT CAD'),
                                      ('PC-00029','CAVAVIN PART NUMBER PART PARTS NAME COST CAN'),
                                      ('PC-00030','CAVAVIN PART NUMBER PARTS NAME COSTUS COST CAN SELLING PRICE CAN'),
                                      ('PC-00031','CAVAVIN PART NUMBER PARTS NAME COSTUS COST CAN SELLING PRICE CAN AVAILABILITY'),
                                      ('PC-00032','CAVAVIN PART NUMBER PARTS NAME COSTUS COST CAN SELLING PRICE CAN AVAILABILITY DE PIECE CAVAVIN NOM DE LA COUTENCAD VENDANT CAD'),
                                      ('PC-00033','CAVAVIN PART NUMBER PARTS NAME COSTUS COST CAN SELLINGPRICECAN CAVAVIN NOMDE LA COOTENUSD Dry filter R ec Filtre DG13-1'),
                                      ('PC-00034','CAVAVIN PART NUMBER PARTS NAME COSTUS COSTCAN PRICE CAN'),
                                      ('PC-00035','CAVAVIN PART NUMBER PARTS NAME COSTUS COSTCAN SELLINGPRICECAN'),
                                      ('PC-00036','CAVAVIN PART NUMBER PARTS NAME COSsTUS COST CAN SELLING PRICE CAN'),
                                      ('PC-00037','CAVAVIN PARTNUMBER PARTS NAME COSTUS ICOST CAN SELLING PRICE CAN AVAILABILITY DE CAVAVIN NOM DE LA PIECE EN USD VENDANT CAD DZ12-0262 Carton disponible'),
                                      ('PC-00038','CAVAVIN PARTNUMBER PARTS NAME CoSTUS COSTCAN SELLING PRICECAN'),
                                      ('PC-00039','CAVAVINPART NUMBER PARTS NAME COSTUS COST CAN SELLING PRICE CAN AVAILABILITY'),
                                      ('PC-00040','CAVAVINPART NUMBER PARTS NAME COSTUS COST CAN SELLING PRICECAN DE LAPIECE EN USD Carton'),
                                      ('PC-00041','CAVAVINPART NUMBER PARTS NAME COSTUS COST CAN SELLINGPRICECAN'),
                                      ('PC-00042','CHAUFFANT'),
                                      ('PC-00043','Cabinet leg D20k00s) Pied M10 Condenser Condenseur'),
                                      ('PC-00044','Cache de la tige de'),
                                      ('PC-00045','Cache du de montage du moteur'),
                                      ('PC-00046','Cache-capteur'),
                                      ('PC-00047','Caoutchouc de'),
                                      ('PC-00048','Caoutchouc de s03'),
                                      ('PC-00049','Caoutchouc limitateur'),
                                      ('PC-00050','Caoutchoue limitateur 510s'),
                                      ('PC-00051','Capteur'),
                                      ('PC-00052','Capteur 50s'),
                                      ('PC-00053','Capteur cover Sensor cover end'),
                                      ('PC-00054','Capuchon'),
                                      ('PC-00055','Carte LCD JBS4125D-011 Black door hinge'),
                                      ('PC-00056','Carte LED'),
                                      ('PC-00057','Carte PCB'),
                                      ('PC-00058','Carte PCB 35D'),
                                      ('PC-00059','Carte PCB de'),
                                      ('PC-00060','Carte blanche'),
                                      ('PC-00061','Carte blanche White LED light Lumigre LED blanche Double zone suction tube Tube double zone 650s Lower zone suction tube Tube zone s Evaporator'),
                                      ('PC-00062','Carte mini DE LA v Colors LED light'),
                                      ('PC-00063','Carton'),
                                      ('PC-00064','Carton Box'),
                                      ('PC-00065','Carton Box E ce Boite en carton V-041WBVC'),
                                      ('PC-00066','Carton Box X'),
                                      ('PC-00067','Carton Box en carton V-067WBVC'),
                                      ('PC-00068','Charcoal filter'),
                                      ('PC-00069','Charcoal filter box'),
                                      ('PC-00070','Chauffage PTC'),
                                      ('PC-00071','Chautfage'),
                                      ('PC-00072','Ciou M5 LCD Display board'),
                                      ('PC-00073','Clou M5'),
                                      ('PC-00074','Clou M5 Clou de fixation M5'),
                                      ('PC-00075','Clou M5 Clou de fixation M5 Disponibie'),
                                      ('PC-00076','Clou M5 Clou de fixation M5 Jronds'),
                                      ('PC-00077','Clou M5 Clou de fixation M5 disponible'),
                                      ('PC-00078','Clou MS Clou de fixation M5 Jnon disp'),
                                      ('PC-00079','Clou de fixation M5'),
                                      ('PC-00080','Compresseur'),
                                      ('PC-00081','Compresseur JK1111HY'),
                                      ('PC-00082','Compresseur TU1110HY'),
                                      ('PC-00083','Compresseur TU1110HY PCB board'),
                                      ('PC-00084','Compresseur VY38R16G'),
                                      ('PC-00085','Condenseur'),
                                      ('PC-00086','Condenseur M10 cabinet leg'),
                                      ('PC-00087','Condenseur Solenoid valve'),
                                      ('PC-00088','Condenseur V-250WDZ e Dryer fiter Fitre Connecting Pipe de connexion container deau Qe Power cord Cordon Embraco Inverter Compressor'),
                                      ('PC-00089','Connecteur de vis'),
                                      ('PC-00090','Connecting Pipe D218-0225 Tube capillaire de connexion'),
                                      ('PC-00091','Connecting pipe'),
                                      ('PC-00092','Copper Evaporator Assembly Ensemble en cuivre'),
                                      ('PC-00093','Cordon'),
                                      ('PC-00094','Cordon 550s'),
                                      ('PC-00095','Cordon Dz19-0036 115V Solenoid valve container'),
                                      ('PC-00096','Cordon TU1110HY compressor'),
                                      ('PC-00097','Cordon es TU1110HY compressor'),
                                      ('PC-00098','D0 Capteur'),
                                      ('PC-00099','D210-0018) Filtre charbon'),
                                      ('PC-00100','D219-0074 Tuyau de connexion'),
                                      ('PC-00101','D223-0184-6 Joint de porte MZ1333'),
                                      ('PC-00102','DE CARTE PCB DE CONTROLE'),
                                      ('PC-00103','DE CAVAVIN DE LA COOTEN USD VENDANT CAD'),
                                      ('PC-00104','DE CAVAVIN DE PIECE NOM DE LA PIECE CAD VENDANT CAD'),
                                      ('PC-00105','DE CAVAVIN NOM DE LA PIECE COOTEN USD COUTEN CAD VENDANT CAD DISPONIBILITE'),
                                      ('PC-00106','DE CAVAVIN NOM DE LA PIECE EN USD VENDANT CAD'),
                                      ('PC-00107','DE CONDUIT CENTRAL MIDDLE FOAM -ZZ-PM-002 0z MOUSSE CENTRALE INSIDE FAN VENTILATEUR INTERIEUR FILTER FILTRE A CHARBON HEATER FAN'),
                                      ('PC-00108','DE DE PORTE POUR'),
                                      ('PC-00109','DE DE PORTE POUR S-028WDZ-L-'),
                                      ('PC-00110','DE LUMIERE TRANSPARENT'),
                                      ('PC-00111','DE PIECE CAVAVIN DE PIECE NOM DE LA PIECE COOTENUSD VENDANT CAD DISPONIBILITE'),
                                      ('PC-00112','DE PIECE CAVAVIN NOM DE LA PIECE CAD'),
                                      ('PC-00113','DE PIECE CAVAVIN NOM DE LA PIECE COOTEN USD VENDANT CAD'),
                                      ('PC-00114','DE PIECE CAVAVIN NOM DE LA PIECE COUTEN USD COOTENCAD'),
                                      ('PC-00115','DE PIECE CAVAVIN NOM DE LA PIECE EN USD'),
                                      ('PC-00116','DE PIECE CAVAVIN NOMDE LA COUTENUSD CAD DISPONIBILITE DZ12-5555 Carton Box'),
                                      ('PC-00117','DE PIECE NOM DE LA PIECE COUTENUSD CAD VENDANT CAD DISPONIBILITE'),
                                      ('PC-00118','DEL couleurs'),
                                      ('PC-00119','DEPIECE DE LA PIECE EN USD COOTEN CAD VENDANT CAD DISPONIBILITE'),
                                      ('PC-00120','DG1-1016'),
                                      ('PC-00121','DG15-1162-F en bois pour panneau de'),
                                      ('PC-00122','DG22-1387 condenseur'),
                                      ('PC-00123','DICcQUeE Interrupteur de fin de course 570s'),
                                      ('PC-00124','DROITE DE PORTE'),
                                      ('PC-00125','DRY FILTER'),
                                      ('PC-00126','DU VENTILATEUR EXTERIEUR HINGE SCREW CAPS u DE VIS DE LED 3000K LIGHT E LUMIERE LED 3000K'),
                                      ('PC-00127','DZ02-0393 container'),
                                      ('PC-00128','DZ18-0074 Beech wood shelf'),
                                      ('PC-00129','Devanture en acier inoxydable'),
                                      ('PC-00130','Devanture en acier inoxydable Sude rail'),
                                      ('PC-00131','Devanture en bois'),
                                      ('PC-00132','Devanture pour en verre 510s Decorative cover'),
                                      ('PC-00133','Dispositif anti-chute'),
                                      ('PC-00134','Dispositif anti-chute 610s'),
                                      ('PC-00135','Dispositif anti-chute s105 Limit wheel'),
                                      ('PC-00136','Dispositif anti-chute s205'),
                                      ('PC-00137','Door gasket'),
                                      ('PC-00138','Door hinge'),
                                      ('PC-00139','Dooraxis'),
                                      ('PC-00140','Dryer filter'),
                                      ('PC-00141','EN POUR SUPPORT RENFORCE n/d'),
                                      ('PC-00142','Electrical power cord'),
                                      ('PC-00143','Electrovanne Connecting pipe'),
                                      ('PC-00144','Electrovanne s'),
                                      ('PC-00145','Embout de cache-capteur'),
                                      ('PC-00146','Embout de serrure'),
                                      ('PC-00147','Embout de serrure 520s'),
                                      ('PC-00148','Embraco Inverter FMXA6C'),
                                      ('PC-00149','Ensemble en cuivre SAD8015B12L--80 Fan Ventiateur SAD8015B12L--80 50W 120V PTC Heater o PTC 50W fiter inzIeR Fitre charbon Charcoal fiter box D2N OEOE UR du filre charbon Temperature Sensor Capteur de Silent Fan'),
                                      ('PC-00150','Etagere'),
                                      ('PC-00151','Etagere coulissante en bois'),
                                      ('PC-00152','Evaporateur'),
                                      ('PC-00153','Evaporateur suction tube'),
                                      ('PC-00154','Evaporator Assembly J Ensemble en cuivre'),
                                      ('PC-00155','Evaporator Assembly J j2124-00057 Ensemble en cuivre'),
                                      ('PC-00156','Evaporator Assembly T Ensemble en cuivre'),
                                      ('PC-00157','FAN el EXTERIEUR FAN COVER'),
                                      ('PC-00158','FL-322 Coussin isolant thermique'),
                                      ('PC-00159','Film du panneau de'),
                                      ('PC-00160','Filtre'),
                                      ('PC-00161','Filtre PCB board'),
                                      ('PC-00162','Filtre Passoire Power cord'),
                                      ('PC-00163','Filtre charbon'),
                                      ('PC-00164','Filtre charbon Charcoal filter box'),
                                      ('PC-00165','Filtre charbon Charcoalfilter box'),
                                      ('PC-00166','Filtre s60'),
                                      ('PC-00167','Filtre sm'),
                                      ('PC-00168','Fitre charbon vs filter box du fitre charbon'),
                                      ('PC-00169','G pzotisto2 noire de porte JBS4125D-011'),
                                      ('PC-00170','GAUCHE DE PORTE'),
                                      ('PC-00171','Goupille du dispositif anti-chute'),
                                      ('PC-00172','Goupille du dispositif anti-chute 520s'),
                                      ('PC-00173','Goupilte du dispositif anti-chute'),
                                      ('PC-00174','Grand guide roulant'),
                                      ('PC-00175','Grille frontale inoxydable) The front vent steel)'),
                                      ('PC-00176','HINGE AXIS FOR S-028WDZ-L-V1'),
                                      ('PC-00177','Heater fan'),
                                      ('PC-00178','Heater strip'),
                                      ('PC-00179','Interrupteur de fin de course'),
                                      ('PC-00180','Interrupteur lumineux de porte'),
                                      ('PC-00181','Inverter Jiaxipera VMU 1055Y'),
                                      ('PC-00182','Jiaxipera Inverter VMU 1055Y'),
                                      ('PC-00183','Joint de porte'),
                                      ('PC-00184','Joint de porte 650s SS tubular handle'),
                                      ('PC-00185','Joint de porte SS35'),
                                      ('PC-00186','Joint de porte SS35 Door axis'),
                                      ('PC-00187','Joint de porte SS35 s'),
                                      ('PC-00188','Joint de porte SS35 s Door axis'),
                                      ('PC-00189','Joint du bouton 540s'),
                                      ('PC-00190','Joint du bouton 560s'),
                                      ('PC-00191','Joint noir de porte M1333 s'),
                                      ('PC-00192','LED blanche'),
                                      ('PC-00193','LED blanche Lock base'),
                                      ('PC-00194','LED blanche s'),
                                      ('PC-00195','LED light'),
                                      ('PC-00196','LED light pcs)'),
                                      ('PC-00197','LIGHT COVER'),
                                      ('PC-00198','LIGHT SWITCH m INTERRUPTEUR LUMINEUX'),
                                      ('PC-00199','Lock base'),
                                      ('PC-00200','Lock base o'),
                                      ('PC-00201','Lock end'),
                                      ('PC-00202','Loquet de porte'),
                                      ('PC-00203','Lumigre LED blanche'),
                                      ('PC-00204','MZ1333 Door gasket D223-0189-3 Joint de porte M21333 Stainless steel glass door Porte en acier inoxydable sl Slim square handle D201-1071 mince'),
                                      ('PC-00205','Moteur DC JGY-2838-12V-40RPM'),
                                      ('PC-00206','Moteur de ventilateur SD-8015LC'),
                                      ('PC-00207','Moteur de ventilateur SDT1209LBNF'),
                                      ('PC-00208','Moteur de ventilateur SDT1209LBNP'),
                                      ('PC-00209','Moteur de ventilateur SDT1209LBNP 840s'),
                                      ('PC-00210','Moteur de ventilateur SDT1209LBNP 850s Charcoalfilter'),
                                      ('PC-00211','Moteur de ventilateur SDT1209LBNP door gasket'),
                                      ('PC-00212','Moteur de ventilateur SDT1209LBNP filter'),
                                      ('PC-00213','Moteur de ventilateur SDT1212MBNP'),
                                      ('PC-00214','Moteur de ventilateur SDT1212MBNP 850s'),
                                      ('PC-00215','Moteur de ventilateur SDT1212MBNP Dryer filter'),
                                      ('PC-00216','Moteur de ventilateur SDT1212MBNP S'),
                                      ('PC-00217','Moteur de ventilateur SDT1212MBNP ses s'),
                                      ('PC-00218','NOM DE LA EN USD COOTENCAD'),
                                      ('PC-00219','NOM DE LA PIECE CAD VENDANT CAD DISPONIBILITE'),
                                      ('PC-00220','NOM DE LA PIECE VENDANT CAD'),
                                      ('PC-00221','NUMBER NAME PART NAME COSTUS COSTCAN SELLING PRICE CAN AVAILABILITY'),
                                      ('PC-00222','Ne DE PIECE CAVAVIN DE PIECE NOM DE LA PIECE EN USD EN CAD PRIX VENDANT CAD'),
                                      ('PC-00223','OO ET Clou MS Clou de fixation M5'),
                                      ('PC-00224','P56 Sonde P156-D sy'),
                                      ('PC-00225','PANEL BOX v c1000 DU PANNEAU DE CONTROLE'),
                                      ('PC-00226','PANEL FILM A DU PANNEAU DE CONTROLE WOODEN SHELF cs En JROLLER YC1508-22-W)-008 IROULEAU'),
                                      ('PC-00227','PART NUMBER PARTS NAME COSTUS COSTCAN PRICE CAN'),
                                      ('PC-00228','PART PARTS NAME COSTUS COST CAN SELLING PRICECAN'),
                                      ('PC-00229','PARTS NAME COSTUS COSTCAN SELLING PRICE CAN AVAILABILITY'),
                                      ('PC-00230','PARTS NAME COSTUS COSTCAN SELLING PRICE CAN AVAILABILITY o A NOM DE LA PIECE CAD VENDANT CAD DISPONIBILITE Z Carton'),
                                      ('PC-00231','PIPE YC-22-Wi-'),
                                      ('PC-00232','PORTE DOOR FOR S-028WDZ-L-V1 un se S PORTE POUR S-028WDZ-L-v1 DOOR SEAL HALF ROLLER SHELF ROULEAU BOTTOM BRACKET ISHELF SUPPORT v fo1soAga SUPPORT ROLLER 22-W5-021 pn t DEMI-ROULEAU LIGHT COVER ICACHE DE TRANSPARENT'),
                                      ('PC-00233','Pied'),
                                      ('PC-00234','Pied M10'),
                                      ('PC-00235','Pied M10 520s'),
                                      ('PC-00236','Pied M10 Condenser'),
                                      ('PC-00237','Pied M10 Solenoid valve'),
                                      ('PC-00238','Plaque de plinthe SS'),
                                      ('PC-00239','Plaque de plinthe VI60 noire'),
                                      ('PC-00240','Plaque de verrouillage'),
                                      ('PC-00241','Plastic lock base Ryt i Base de serrure en plastique'),
                                      ('PC-00242','Porte avec joint'),
                                      ('PC-00243','Porte en acier inoxydable V-'),
                                      ('PC-00244','Porte en verre noir complet sans'),
                                      ('PC-00245','Power installation box'),
                                      ('PC-00246','RE Spare Parts List Spare Parts List'),
                                      ('PC-00247','Rail coulissant'),
                                      ('PC-00248','Rail coulissant s Sliding Beech wood shelf'),
                                      ('PC-00249','Rail coulissant trinodal pouces'),
                                      ('PC-00250','Rail coutissant'),
                                      ('PC-00251','Ressort tactile'),
                                      ('PC-00252','Roulette'),
                                      ('PC-00253','Roulette de'),
                                      ('PC-00254','Roulette de 510s'),
                                      ('PC-00255','Roulette de s105 Pin with Drop-proof device'),
                                      ('PC-00256','S EvAOUE s'),
                                      ('PC-00257','S-143WTZ'),
                                      ('PC-00258','SDT1212MBNP fan motor'),
                                      ('PC-00259','SS tubular handle'),
                                      ('PC-00260','Screw'),
                                      ('PC-00261','Sensor'),
                                      ('PC-00262','Sensor caver'),
                                      ('PC-00263','Serrure'),
                                      ('PC-00264','Serrure de porte'),
                                      ('PC-00265','Shelf rn E'),
                                      ('PC-00266','Shock-proof glue o124 anti-choc'),
                                      ('PC-00267','Siide rail'),
                                      ('PC-00268','Silent Fan'),
                                      ('PC-00269','Silent Fan DZ03-0151 Ventilateur silencieux'),
                                      ('PC-00270','Slide rail'),
                                      ('PC-00271','Sliding Beech wood shelf'),
                                      ('PC-00272','Sonde s205'),
                                      ('PC-00273','Spare'),
                                      ('PC-00274','Spare Parts List'),
                                      ('PC-00275','Stainless steel glass'),
                                      ('PC-00276','Stderall'),
                                      ('PC-00277','Support de fixation de serrure'),
                                      ('PC-00278','Support de fixation par vis'),
                                      ('PC-00279','Support de fixation par vis s205'),
                                      ('PC-00280','Support de montage de sonde'),
                                      ('PC-00281','Support du moteur'),
                                      ('PC-00282','Support iMagnet the door)'),
                                      ('PC-00283','Support magnet the door) la porte) JBS4125D-011 Black door hinge'),
                                      ('PC-00284','TU1110HY'),
                                      ('PC-00285','TU1110HY compressor'),
                                      ('PC-00286','Tablette de en bois de'),
                                      ('PC-00287','Tablette en bois de'),
                                      ('PC-00288','The midate sensor'),
                                      ('PC-00289','The small rolling guide'),
                                      ('PC-00290','Tige de'),
                                      ('PC-00291','Top hinge module DG14108715SS gauche'),
                                      ('PC-00292','Tube'),
                                      ('PC-00293','Tube double zone'),
                                      ('PC-00294','Tube s Heater strip'),
                                      ('PC-00295','Tube zone 540s'),
                                      ('PC-00296','Tube zone unique'),
                                      ('PC-00297','Tuyau de connexion'),
                                      ('PC-00298','Tuyau de connexion 250s'),
                                      ('PC-00299','Tuyau de connexion SAD12025B12L--1225 Silent Fan'),
                                      ('PC-00300','UPPER DOOR HINGE FOR S-028WDZ-R-V1'),
                                      ('PC-00301','US4-56 Plaque de fixation'),
                                      ('PC-00302','Uit VENTILATEUR EVAPORATOR EVAPORATOR FOAM 22PM es e MOUSSE DUAL ZONE AIR-DUCT BOARD'),
                                      ('PC-00303','Ventilateur de'),
                                      ('PC-00304','WG02-0039-111 Cache-capteur'),
                                      ('PC-00305','White LCD Display board'),
                                      ('PC-00306','Wind-separating foam P'),
                                      ('PC-00307','a de circulation'),
                                      ('PC-00308','a1 noire de porte'),
                                      ('PC-00309','a5 FeIsOSTZ W18 PORTE PORTE BOTTOM GRILLE IRON SHEET FOR STRONG'),
                                      ('PC-00310','abinet leg'),
                                      ('PC-00311','abinet leg Pied M10'),
                                      ('PC-00312','abinetleg DZ01-1611 Pieddainsita Q Plasticlock base DZ02 Base de serrure en plastique Condenser'),
                                      ('PC-00313','ablette de en bois de'),
                                      ('PC-00314','ablette de en bois de ps'),
                                      ('PC-00315','ablette en bois de'),
                                      ('PC-00316','ablette en bois de avec logo'),
                                      ('PC-00317','ablette en bois de avec logo CAVAVIN'),
                                      ('PC-00318','ablette en bois de avec logo ICAVAVIN plate EU Plaque de verre Stainless steel ventilation pinth Plinthe de ventilation en acier inoxydable Cabinel leg Pied M10 Condenser Condenseur'),
                                      ('PC-00319','ablette en verre E DZ01-1609 Stainless steel ventilation plinth Plinthe de ventilation en acier inoxydable'),
                                      ('PC-00320','ac eau du conduit M'),
                                      ('PC-00321','ache sa0s SS kick plate'),
                                      ('PC-00322','ache-capteur'),
                                      ('PC-00323','agnet control switch bracket'),
                                      ('PC-00324','agnet control switch bracket DZ01-2583 Support'),
                                      ('PC-00325','agnet the door) la porte)'),
                                      ('PC-00326','agnet the door) oy oo sTS'),
                                      ('PC-00327','agnetic switch PCB board'),
                                      ('PC-00328','agnetic switch PCB board Carte PCB'),
                                      ('PC-00329','agnetic switch box'),
                                      ('PC-00330','agnetic switch box shim'),
                                      ('PC-00331','ail coulissant'),
                                      ('PC-00332','ail coulissant 630s'),
                                      ('PC-00333','ail coulissant droit'),
                                      ('PC-00334','ail coulissant gauche'),
                                      ('PC-00335','ain PCB board'),
                                      ('PC-00336','ain PCB display PCB 0G3-1109 PC8 principale carte'),
                                      ('PC-00337','ain PCB display PCB Carte PCB principale carte'),
                                      ('PC-00338','ain PCB display PCB joaxtiony Carte PCB principale carte body right hinge) Do 001R droite) body left hinge)'),
                                      ('PC-00339','aoutchouc de'),
                                      ('PC-00340','aoutchouc de Caoutchouc'),
                                      ('PC-00341','apillary connecting pipe J Tube capillaire de connexion'),
                                      ('PC-00342','apteur'),
                                      ('PC-00343','apteur de'),
                                      ('PC-00344','apuchon'),
                                      ('PC-00345','arte LCD Black door hinge'),
                                      ('PC-00346','arte PC8 de'),
                                      ('PC-00347','arte PCB'),
                                      ('PC-00348','arte PCB principale'),
                                      ('PC-00349','arte blanche'),
                                      ('PC-00350','arte d affichage LCD blanche'),
                                      ('PC-00351','arton'),
                                      ('PC-00352','arton Box'),
                                      ('PC-00353','arton Disponible'),
                                      ('PC-00354','arton Jnon'),
                                      ('PC-00355','arton dis'),
                                      ('PC-00356','ase de serrure'),
                                      ('PC-00357','ase de serrure en plastique'),
                                      ('PC-00358','ater container'),
                                      ('PC-00359','ater recewver'),
                                      ('PC-00360','avec logo CAVAVIN Stainless steel trim with cutting'),
                                      ('PC-00361','avec serrure'),
                                      ('PC-00362','avec serrure SS tubular handle'),
                                      ('PC-00363','avec serrure door gasket'),
                                      ('PC-00364','b du filtre charbon'),
                                      ('PC-00365','bczrnmer hinge) Porte droite)'),
                                      ('PC-00366','big rolling guide'),
                                      ('PC-00367','board'),
                                      ('PC-00368','board DZ06-0005'),
                                      ('PC-00369','board water pan'),
                                      ('PC-00370','body leN hinge)'),
                                      ('PC-00371','body right hinge)'),
                                      ('PC-00372','body right hinge) DG26-600-R droite) d body left hinge) DG26-600-L gauche) nvd light board Carte LED'),
                                      ('PC-00373','bois'),
                                      ('PC-00374','bracket DG14-1180 Support compresseur v'),
                                      ('PC-00375','bracket a3'),
                                      ('PC-00376','bracket of front legs'),
                                      ('PC-00377','cabinet leg'),
                                      ('PC-00378','cabinet leg Pied M10'),
                                      ('PC-00379','carbon fitter'),
                                      ('PC-00380','central The middle fan of evaporator'),
                                      ('PC-00381','charniere gauche) n/d'),
                                      ('PC-00382','compressor'),
                                      ('PC-00383','compressor Compresseur NB1116HY'),
                                      ('PC-00384','compressor WGo3- GOS o W38R16G'),
                                      ('PC-00385','connecting pipe e ps r Tube capillaire de connexion'),
                                      ('PC-00386','container'),
                                      ('PC-00387','control panel box'),
                                      ('PC-00388','cord'),
                                      ('PC-00389','coulissante en bois de'),
                                      ('PC-00390','coulissante en bois de 850s'),
                                      ('PC-00391','cover'),
                                      ('PC-00392','cover DG22-1387 condenseur v'),
                                      ('PC-00393','cover of hinge'),
                                      ('PC-00394','cover of the control box'),
                                      ('PC-00395','cover p crr condenseur va Ar-circulating pipe Tuyau de circulation v'),
                                      ('PC-00396','crew'),
                                      ('PC-00397','crew buckle'),
                                      ('PC-00398','crew connector'),
                                      ('PC-00399','crew connector Connecteur de vis 530s'),
                                      ('PC-00400','crew fixation bracket'),
                                      ('PC-00401','ct s0'),
                                      ('PC-00402','d Support compresseur E p Mg Outside fan Vont i lateur fan cover 4F es ventilateur'),
                                      ('PC-00403','d ftre charbon n'),
                                      ('PC-00404','d r Installation de la tige de'),
                                      ('PC-00405','de arrondi ik P Colors LED side light p N Lumiere DEL couleurs s05 Copper Evaporator Assembly-A 224-0028-T Ensemble en cuivre A'),
                                      ('PC-00406','de cache-capteur'),
                                      ('PC-00407','de cache-capteur 5a0 door gasket'),
                                      ('PC-00408','de cache-capteur s105 SS trim'),
                                      ('PC-00409','de cache-capteur s208'),
                                      ('PC-00410','de capteur noir'),
                                      ('PC-00411','de chauffage'),
                                      ('PC-00412','de chautfage'),
                                      ('PC-00413','de la porte'),
                                      ('PC-00414','de la tige de'),
                                      ('PC-00415','de la tige de s208'),
                                      ('PC-00416','de porte'),
                                      ('PC-00417','de porte JBS4125D-011'),
                                      ('PC-00418','de porte Seamless SS door with lock'),
                                      ('PC-00419','de porte fitter'),
                                      ('PC-00420','de porte gauche gauche)'),
                                      ('PC-00421','de porte s205'),
                                      ('PC-00422','de porte s205 Seamless SS door with lock'),
                                      ('PC-00423','de porte s208'),
                                      ('PC-00424','de serrure'),
                                      ('PC-00425','de serrure s105'),
                                      ('PC-00426','de ventilateur SDT1209LBNP'),
                                      ('PC-00427','de ventilateur SDT1212MBNP'),
                                      ('PC-00428','de ventilateur SDT1212MBNP 850s'),
                                      ('PC-00429','des pieds avant'),
                                      ('PC-00430','display board'),
                                      ('PC-00431','door'),
                                      ('PC-00432','door axis left hinge) de porte gauche gauche)'),
                                      ('PC-00433','door axis right hinge) de porte droite droite)'),
                                      ('PC-00434','door gasket'),
                                      ('PC-00435','double zone'),
                                      ('PC-00436','droite'),
                                      ('PC-00437','droite noire'),
                                      ('PC-00438','droite)'),
                                      ('PC-00439','droite) v'),
                                      ('PC-00440','du de'),
                                      ('PC-00441','du filtre charbon'),
                                      ('PC-00442','du filtre charbon Door axis'),
                                      ('PC-00443','du filtre charbon s Sensor'),
                                      ('PC-00444','du fitre charbon SS kick plate'),
                                      ('PC-00445','du panneau de'),
                                      ('PC-00446','du panneau de contrdle'),
                                      ('PC-00447','duct board A DG22-1401 Piaque de conduit A i'),
                                      ('PC-00448','duct board A Plaque de conduit A d Sensor k) 220630687y Capteur'),
                                      ('PC-00449','ductboard C Plaque de conduit C vd Right door axis ight hinge) DG14-1177-5R de porte droite droite)'),
                                      ('PC-00450','durfitre charbon'),
                                      ('PC-00451','e Bande chauffante'),
                                      ('PC-00452','e Bande chauffante 115V'),
                                      ('PC-00453','e DEL couleurs'),
                                      ('PC-00454','e Magnet mounting box'),
                                      ('PC-00455','e Serrure ronde en acier inoxydable Metal lock pin de serrure Magnet control switch bracket'),
                                      ('PC-00456','e en carton V-1488VC MS trunk-nail X'),
                                      ('PC-00457','eal pipe DG12-12 n/d'),
                                      ('PC-00458','eamless SS door'),
                                      ('PC-00459','eamless SS door with lock'),
                                      ('PC-00460','eamless SS door with lock Porte en acier inoxydable sans soudure avec serrure'),
                                      ('PC-00461','eat insulation cushion'),
                                      ('PC-00462','eater'),
                                      ('PC-00463','eater i o Chauffage PTC'),
                                      ('PC-00464','eater insulation board'),
                                      ('PC-00465','eater strip'),
                                      ('PC-00466','eating strip'),
                                      ('PC-00467','eating strip Bande chauffante 120V 50w'),
                                      ('PC-00468','eating strip Q Bande chauffante 115V'),
                                      ('PC-00469','ecorative cap'),
                                      ('PC-00470','eech wood Display shelf'),
                                      ('PC-00471','eech wood Display shelf with'),
                                      ('PC-00472','eech wood display shelf with ICAVAVIN logo'),
                                      ('PC-00473','eech wood plate DZ18-0803 Plaque en bois de'),
                                      ('PC-00474','eech wood shelf'),
                                      ('PC-00475','eech wood shelf with CAVAVIN logo'),
                                      ('PC-00476','efrost sensor'),
                                      ('PC-00477','efrost sensor de'),
                                      ('PC-00478','eft door axis left hinge)'),
                                      ('PC-00479','el Clou M5 Colors LED light'),
                                      ('PC-00480','el Tablette en bois de se Evaporator Assembly-B 2J24-0028-1-T Ensemble en cuivre'),
                                      ('PC-00481','emperature Sensor 1K de'),
                                      ('PC-00482','emperature Sensor de'),
                                      ('PC-00483','en acier inoxydable'),
                                      ('PC-00484','en acier inoxydable sans soudure avec'),
                                      ('PC-00485','en bois'),
                                      ('PC-00486','en bois de'),
                                      ('PC-00487','en cuivre The upper fan of evaporator'),
                                      ('PC-00488','en noir pour plaque'),
                                      ('PC-00489','en verre Glass Shelf'),
                                      ('PC-00490','en verre Limited block'),
                                      ('PC-00491','enfort metallique support porte DG14-1179-SR gauche)'),
                                      ('PC-00492','ensing PCB plate'),
                                      ('PC-00493','ensor'),
                                      ('PC-00494','ensor Capteur'),
                                      ('PC-00495','ensor cover'),
                                      ('PC-00496','ensor cover bl Cache capteur'),
                                      ('PC-00497','ensor cover end'),
                                      ('PC-00498','entilateur silencieux'),
                                      ('PC-00499','errure ronde en acier inoxydable Metal lock pin de serrure Magnet control switch bracket'),
                                      ('PC-00500','es us Condenseur'),
                                      ('PC-00501','et DEL couleurs'),
                                      ('PC-00502','et V-028WDZ'),
                                      ('PC-00503','et gl'),
                                      ('PC-00504','etal Shelf'),
                                      ('PC-00505','etal shelf'),
                                      ('PC-00506','etallock pin T D201-2695 Goupille de serrure'),
                                      ('PC-00507','etite'),
                                      ('PC-00508','evanture avant en acier inoxydable pour'),
                                      ('PC-00509','evanture en acier inoxydable 50s end'),
                                      ('PC-00510','evanture en acier inoxydable pour en'),
                                      ('PC-00511','evaporator'),
                                      ('PC-00512','ey o'),
                                      ('PC-00513','fan bracket DG1456 Support ventilateur'),
                                      ('PC-00514','fan cover n/d'),
                                      ('PC-00515','fan cover ventilateur'),
                                      ('PC-00516','fan motor'),
                                      ('PC-00517','fan motor a1 p203-0050 Moteur de ventilateur SDT1209LBNP'),
                                      ('PC-00518','fan motor ut de ventilateur SD-8015LC'),
                                      ('PC-00519','filter'),
                                      ('PC-00520','filter box'),
                                      ('PC-00521','fiter Filtre charbon'),
                                      ('PC-00522','fiter box DZ02 Boite du filtre charbon'),
                                      ('PC-00523','fiter box ps S Boite du fitre charbon Sensor'),
                                      ('PC-00524','fitre charbon'),
                                      ('PC-00525','foam'),
                                      ('PC-00526','foam DG18-94 Mousse e'),
                                      ('PC-00527','front vent steel)'),
                                      ('PC-00528','gauche'),
                                      ('PC-00529','gauche noire'),
                                      ('PC-00530','gauche noire Limited rubber'),
                                      ('PC-00531','glue DG13-24 Colle anti-choc n/d'),
                                      ('PC-00532','gril right hinge) Grille droite)'),
                                      ('PC-00533','grounding line DG17-25 Ligne de mise la terre du compresseur n/d'),
                                      ('PC-00534','grounding line DG17-93 Ligne de mise la terre du compresseur n/d'),
                                      ('PC-00535','grounding line G DG17-25 Ligne de mise la terre du compresseur d grounding line Ligne de mise la terre du compresseur d B DG12-112'),
                                      ('PC-00536','grounding line R en3 Ligne de mise la terre du compresseur n/d p grounding line'),
                                      ('PC-00537','guide roulant'),
                                      ('PC-00538','guide routant'),
                                      ('PC-00539','harcoal filter'),
                                      ('PC-00540','harcoal filter Es en 0R'),
                                      ('PC-00541','harcoal filter box'),
                                      ('PC-00542','harcoal filter box DG13-1003 fitre charbon'),
                                      ('PC-00543','harcoal fiter box'),
                                      ('PC-00544','harcoal fitter'),
                                      ('PC-00545','harcoal fitter box'),
                                      ('PC-00546','harcoalfilter'),
                                      ('PC-00547','he cover of power box'),
                                      ('PC-00548','he cover of the hinge'),
                                      ('PC-00549','he cover of the motor mounting box'),
                                      ('PC-00550','he cover of the motor mounting box du de montage du moteur'),
                                      ('PC-00551','he cover of the sensor'),
                                      ('PC-00552','he fan of condensor Ventilateur du condenseur bottom plate usa-27 Plaque'),
                                      ('PC-00553','he fix ptate'),
                                      ('PC-00554','he lower supporter of the door'),
                                      ('PC-00555','he middle air-duct lower board'),
                                      ('PC-00556','he middle air-duct upper board'),
                                      ('PC-00557','he motor bracket'),
                                      ('PC-00558','he motor bracket Support du moteur'),
                                      ('PC-00559','he push rod installation'),
                                      ('PC-00560','he push rod installation seat'),
                                      ('PC-00561','he square magnet'),
                                      ('PC-00562','hinge moduie DG14-1178-SSL Module chamiere gauche'),
                                      ('PC-00563','hinge module'),
                                      ('PC-00564','hinge module Module gauche'),
                                      ('PC-00565','hinge module droite'),
                                      ('PC-00566','hinge module es Modute droite'),
                                      ('PC-00567','hinge) Porte droite)'),
                                      ('PC-00568','hinge) Porte gauche)'),
                                      ('PC-00569','hinge) Porte gauche) Door handie ol de porte'),
                                      ('PC-00570','hite LED light'),
                                      ('PC-00571','hite display board'),
                                      ('PC-00572','hite display board e Carte daffichage blanche'),
                                      ('PC-00573','hock-proo glue DG13-24 Colle anti-choc'),
                                      ('PC-00574','i Filtre s Etectrical power cord'),
                                      ('PC-00575','i LUMIERE LED 3000K LIGHT BOX oL BOITE DE LUMIERE MIDDLE AIR-DUCT BOARD'),
                                      ('PC-00576','i SDT1209LBNP fan motor'),
                                      ('PC-00577','i i Cante PCB'),
                                      ('PC-00578','iPower cord'),
                                      ('PC-00579','iddle air-duct board foam DG18-1061 Mousse de la plaque de conduit centrale Lower zone fan de la zone'),
                                      ('PC-00580','ide rail Rail coulissant Beech wood display shelf'),
                                      ('PC-00581','ieas FMXA6C Main PCB Board'),
                                      ('PC-00582','ied M10'),
                                      ('PC-00583','ig shelf'),
                                      ('PC-00584','ight door axs right hinge) S de porte droite droite) Len door axis left hinge) S st de porte gauche gauche)'),
                                      ('PC-00585','igne de mise 1a terre du compresseur Seal pipe peiaia'),
                                      ('PC-00586','ignt us1-59 Lumiere Light cover'),
                                      ('PC-00587','iim square handie mince'),
                                      ('PC-00588','il cux'),
                                      ('PC-00589','ilent Fan'),
                                      ('PC-00590','ilent Fan D203-0150 Ventilateur silencieux'),
                                      ('PC-00591','ilent Fan Dz03-0150 Ventilateur silencieux'),
                                      ('PC-00592','ilent Fan WG02-0039-111 Ventilateur silencieux 58s C E'),
                                      ('PC-00593','iltre'),
                                      ('PC-00594','iltre 800s Drop-proof device'),
                                      ('PC-00595','iltre charbon'),
                                      ('PC-00596','imit wheel'),
                                      ('PC-00597','imited rubber'),
                                      ('PC-00598','imitwheel'),
                                      ('PC-00599','in with Drop-proof device'),
                                      ('PC-00600','inch trinodal stiding rail'),
                                      ('PC-00601','inch trnodat stiding rait'),
                                      ('PC-00602','ingle zone suction tube'),
                                      ('PC-00603','ingle zone suction tube Tube zone unique'),
                                      ('PC-00604','ingte zone suction tube'),
                                      ('PC-00605','ini white display board Mini carte blanche 2D White LED light'),
                                      ('PC-00606','ini white display board Mini carte blanche s'),
                                      ('PC-00607','inition en acier inoxydable avec'),
                                      ('PC-00608','inner water tank'),
                                      ('PC-00609','inoxydable'),
                                      ('PC-00610','inoxydable Black right hinge'),
                                      ('PC-00611','inoxydable M10 cabinet leg'),
                                      ('PC-00612','inoxydable avec serrure'),
                                      ('PC-00613','installation box DG22-11362 nvd'),
                                      ('PC-00614','isplay board D207-0008-330 Carte d affichage LCD'),
                                      ('PC-00615','ispositif anti-chute 80s'),
                                      ('PC-00616','itre charbon'),
                                      ('PC-00617','ixed seat'),
                                      ('PC-00618','ixed seat 20e fixe'),
                                      ('PC-00619','j D201-1611 cabinet leg Pied M10'),
                                      ('PC-00620','j DZ19-0074 Tuyau de connexion'),
                                      ('PC-00621','j US4-60 du conduit'),
                                      ('PC-00622','j us19'),
                                      ('PC-00623','k RESERVOIR 7n'),
                                      ('PC-00624','kick plate'),
                                      ('PC-00625','kick plate with lock'),
                                      ('PC-00626','l D20L gauche noire'),
                                      ('PC-00627','l PCE board'),
                                      ('PC-00628','l container'),
                                      ('PC-00629','l de porte'),
                                      ('PC-00630','l lwcomu Compresseur NB1116HY'),
                                      ('PC-00631','l pzo1 Serrure ronde en acier inoxydable Metal lock pin Dnt-2e03 Goupille de serrure Magnet control switch bracket D201-2563 Support'),
                                      ('PC-00632','la porte) 1n'),
                                      ('PC-00633','lack door gasket'),
                                      ('PC-00634','lack door hinge D201-13103 noire de porte'),
                                      ('PC-00635','lack kick plate'),
                                      ('PC-00636','lack left hinge'),
                                      ('PC-00637','lack left hinge gauche noire Limited rubber'),
                                      ('PC-00638','lack metal frame for glass plate'),
                                      ('PC-00639','lack right hinge'),
                                      ('PC-00640','lack right hinge droiis'),
                                      ('PC-00641','lack right hinge droite noire Black left hinge'),
                                      ('PC-00642','lack sensor cover'),
                                      ('PC-00643','lack sensor cover de capteur noir'),
                                      ('PC-00644','lackright hinge'),
                                      ('PC-00645','lague de plinthe VI60 en acier'),
                                      ('PC-00646','laque de plinthe SS zone suction tube'),
                                      ('PC-00647','laque de plinthe VI35 en acier'),
                                      ('PC-00648','laque de plinthe VI35 noire'),
                                      ('PC-00649','laque de plinthe VI60 en acier'),
                                      ('PC-00650','laque isolante du chautfage'),
                                      ('PC-00651','lass shelf'),
                                      ('PC-00652','lastic lock base'),
                                      ('PC-00653','lastic lock base Base de serrure en plastique'),
                                      ('PC-00654','lavec serrure'),
                                      ('PC-00655','lectrical power cord'),
                                      ('PC-00656','lectromagnetic vaive Valve'),
                                      ('PC-00657','lectrovanne 115V'),
                                      ('PC-00658','leg 46j Pied'),
                                      ('PC-00659','leg i3s3 el e'),
                                      ('PC-00660','lide rail'),
                                      ('PC-00661','lide rail B t su Beech wood sheif F en bois de Beech wood shelf with CAVAVIN e L logo'),
                                      ('PC-00662','lide rail Left side'),
                                      ('PC-00663','lide rail Right side'),
                                      ('PC-00664','lide rait'),
                                      ('PC-00665','liding Beech wood shelf'),
                                      ('PC-00666','light board'),
                                      ('PC-00667','light board Carte LED'),
                                      ('PC-00668','light board cover Cache carte LED'),
                                      ('PC-00669','light board cover Cache carte LED L LED light board po3-218K Carte LED'),
                                      ('PC-00670','light board cover carte LED'),
                                      ('PC-00671','lim square handie'),
                                      ('PC-00672','lim square handle'),
                                      ('PC-00673','lim square handle D200 mince Stainless steel round Lock'),
                                      ('PC-00674','limitateur'),
                                      ('PC-00675','linthe de ventilation en acier'),
                                      ('PC-00676','lock DG s'),
                                      ('PC-00677','lock pin'),
                                      ('PC-00678','logo'),
                                      ('PC-00679','logo en bois de avec logo'),
                                      ('PC-00680','lus4-59 Plaque du conduit The upper air-duct upper board'),
                                      ('PC-00681','mall shelf'),
                                      ('PC-00682','mbout de cache-capteur'),
                                      ('PC-00683','mbraco Inverter FMXASC'),
                                      ('PC-00684','mince'),
                                      ('PC-00685','mn JOCIIND a2 lYC100D-22-DQ-007 d i H qn se'),
                                      ('PC-00686','motor JGY-2838-12V-40RPM'),
                                      ('PC-00687','motor JGY-2838012V-20RPM'),
                                      ('PC-00688','mounting box'),
                                      ('PC-00689','n e Ressort tactile'),
                                      ('PC-00690','n i Joint du bouton'),
                                      ('PC-00691','n/d G191 Cache ventilateur'),
                                      ('PC-00692','n/d Outside fan bracket S G145 Support ventilateur'),
                                      ('PC-00693','n/d bracket a2 Support compresseur'),
                                      ('PC-00694','n/d duct board A Plaque de conduit A'),
                                      ('PC-00695','nite LED tight LED blanche es'),
                                      ('PC-00696','noire de porte'),
                                      ('PC-00697','noire de porte JBS4125D-011'),
                                      ('PC-00698','nterrupteur lumineux de porte'),
                                      ('PC-00699','ntretoise de'),
                                      ('PC-00700','ntretoise de boite'),
                                      ('PC-00701','o L Boucle de vis'),
                                      ('PC-00702','o Push rod decorative cover'),
                                      ('PC-00703','o Stide rail'),
                                      ('PC-00704','o o Evaporator'),
                                      ('PC-00705','o oo'),
                                      ('PC-00706','oG13-1048 e oo'),
                                      ('PC-00707','ock base'),
                                      ('PC-00708','ock end'),
                                      ('PC-00709','ock fixing seat'),
                                      ('PC-00710','ockend'),
                                      ('PC-00711','ocking plate'),
                                      ('PC-00712','oint de porte MZ1333'),
                                      ('PC-00713','olenoid vaive e Electrovanne 115V'),
                                      ('PC-00714','olenoid valve'),
                                      ('PC-00715','olenoid valve B'),
                                      ('PC-00716','olors LED light'),
                                      ('PC-00717','ompressor'),
                                      ('PC-00718','ondenser'),
                                      ('PC-00719','ondenseur'),
                                      ('PC-00720','ondensor'),
                                      ('PC-00721','onnecting pipe'),
                                      ('PC-00722','onnection pipe DG12-21 de raccordement d'),
                                      ('PC-00723','onnection pipe pG12-21 de raccordement'),
                                      ('PC-00724','ontrol panel assembly bracket'),
                                      ('PC-00725','ontrol panel film Fiim panneau de'),
                                      ('PC-00726','ontrol panel fim'),
                                      ('PC-00727','ood trim'),
                                      ('PC-00728','oor Ught switch'),
                                      ('PC-00729','oor axis'),
                                      ('PC-00730','oor catch'),
                                      ('PC-00731','oor gasket'),
                                      ('PC-00732','oor gasket DZ23-0187-6 Joint de porte M21333'),
                                      ('PC-00733','oor gasket Joint de porte'),
                                      ('PC-00734','oor handie'),
                                      ('PC-00735','oor handie Poignee de porte'),
                                      ('PC-00736','oor hinge'),
                                      ('PC-00737','oor hinge DZ01-1310-3 de porte JBS4125D-011'),
                                      ('PC-00738','oor hinge Dz01-1310-2 de porte JBS4125D-011'),
                                      ('PC-00739','oor hinge Dz01-13103 de porte JBS4125D-011'),
                                      ('PC-00740','oor light switch'),
                                      ('PC-00741','oor ninge)'),
                                      ('PC-00742','oor support iron liner hinge) Renfort support porte DG14-1179-SR gauche)'),
                                      ('PC-00743','oor with handle/gasket'),
                                      ('PC-00744','oorcatch'),
                                      ('PC-00745','oortock'),
                                      ('PC-00746','oot DEL couleurs'),
                                      ('PC-00747','ooz N Joint de porte s SS door with lock'),
                                      ('PC-00748','op hinge module'),
                                      ('PC-00749','op hinge module DG14-1062R chamire droite'),
                                      ('PC-00750','op hinge module chamiere gauche'),
                                      ('PC-00751','op hinge module droite'),
                                      ('PC-00752','ordon'),
                                      ('PC-00753','orosseiig Black k plate'),
                                      ('PC-00754','orte en acier inoxydable'),
                                      ('PC-00755','orte en acier inoxydable SS35 sans'),
                                      ('PC-00756','orte en acier inoxydable sans'),
                                      ('PC-00757','orte en acier inoxydable sans soudure'),
                                      ('PC-00758','orte en verre noir complet sans L'),
                                      ('PC-00759','orte gauche)'),
                                      ('PC-00760','osasnoit gauche) inid LED light board Carte LED'),
                                      ('PC-00761','ot ey s Fittre charbon'),
                                      ('PC-00762','oteur DC JGY-2838012V-40RPM'),
                                      ('PC-00763','oteur de ventilateur SDT1209LBNP 850s'),
                                      ('PC-00764','otiom gri for right hinge) Grille droite)'),
                                      ('PC-00765','otiom gril lef hinge) gauche)'),
                                      ('PC-00766','ottom grill left hinge) Grile gauche)'),
                                      ('PC-00767','ottom grill right hinge) SO SER Grile droite) Botiom gnil inge) ps gauche)'),
                                      ('PC-00768','ouble zone suction tube'),
                                      ('PC-00769','ouch the spring'),
                                      ('PC-00770','oucn the spring'),
                                      ('PC-00771','oupille de serrure'),
                                      ('PC-00772','oupille du dispositif anti-chute'),
                                      ('PC-00773','oupille du dispositif anti-chute Lock base'),
                                      ('PC-00774','ousse d'),
                                      ('PC-00775','outside fan 0G7-47-R Ventilatcur'),
                                      ('PC-00776','ow hinge moduie 45j DG14-1178-SSR Module droite'),
                                      ('PC-00777','ow hinge module e bs chamisre gauche'),
                                      ('PC-00778','ower PCB'),
                                      ('PC-00779','ower box'),
                                      ('PC-00780','ower cord'),
                                      ('PC-00781','ower hinge'),
                                      ('PC-00782','ower installation box'),
                                      ('PC-00783','ower line Ligne'),
                                      ('PC-00784','ower line Ligne dalimentation'),
                                      ('PC-00785','ower line pa21 Ligne'),
                                      ('PC-00786','ower zone suction tube'),
                                      ('PC-00787','oy crc'),
                                      ('PC-00788','p Serrure ronde en acier inoxydable'),
                                      ('PC-00789','p W SDT1212MBNP fan motor'),
                                      ('PC-00790','p2oeouzys DEL couleurs Evaporator Assembly'),
                                      ('PC-00791','panal fim Film panneau de'),
                                      ('PC-00792','panel assembly bracket'),
                                      ('PC-00793','panneau de'),
                                      ('PC-00794','patzostt Boite en carton V-250WDZ y iRoundness light cover'),
                                      ('PC-00795','pc Inverter Embraco FMXASC Main PCB board D206-0100 Carte PCB principale'),
                                      ('PC-00796','pipe'),
                                      ('PC-00797','pipe 1s Tuyau de connexion Dryer fiter Fitre us Plastic lock base Base de serrure en plastique Power cord Cordon container Inverter'),
                                      ('PC-00798','pipe DG12-10295 de circulation v'),
                                      ('PC-00799','plate DZ17-1101-1 Plaque de varrd'),
                                      ('PC-00800','pper hinge'),
                                      ('PC-00801','proirose E E Joint du bouton'),
                                      ('PC-00802','pusnrod Tige de 620s'),
                                      ('PC-00803','quare Magnet the door) Ls la porte)'),
                                      ('PC-00804','r EN ACIER INOXYDABLE AND PAYKEL HANDLE MW 2y e FISHER PAYKEL L PROFESSIONNELLE HINGE AXIS FOR S-028WDZ-R-V1'),
                                      ('PC-00805','r fan cover'),
                                      ('PC-00806','r r PCB board'),
                                      ('PC-00807','racket forfan US1-34 Support pour ventilateur'),
                                      ('PC-00808','rain-pipe FL-107 Tuyau de vidange'),
                                      ('PC-00809','rain-pipe FL-107 Tuyau de vidange il pipe A9 potz2) de raccordement L'),
                                      ('PC-00810','rain-pipe FL183 de vidange e'),
                                      ('PC-00811','ravel switch'),
                                      ('PC-00812','ravet switch'),
                                      ('PC-00813','rc handle'),
                                      ('PC-00814','receiver'),
                                      ('PC-00815','retopzsLol PLAQUE DE CONDUIT A DOUBLE ZONE DISPLAY BOARD DE CONTROLE MIDDLE AIR-DUCT ez CENTRAL FN PCB FIXER'),
                                      ('PC-00816','rille frontale inoxydable)'),
                                      ('PC-00817','rn LUMINEUX eni'),
                                      ('PC-00818','robe'),
                                      ('PC-00819','robe mounting bracket'),
                                      ('PC-00820','ront SS trim for glass shelf'),
                                      ('PC-00821','rop-proof device'),
                                      ('PC-00822','rop-proof device pin'),
                                      ('PC-00823','rs d Fitre charbon 60s filter box'),
                                      ('PC-00824','ry filter'),
                                      ('PC-00825','ry fiter Filtre'),
                                      ('PC-00826','ry flter Fitre'),
                                      ('PC-00827','ryer filter'),
                                      ('PC-00828','ryer filter Filtre'),
                                      ('PC-00829','ryer fiter'),
                                      ('PC-00830','ryer fiter Filtre D202-0241-110 Plastic lock base Power cord'),
                                      ('PC-00831','ryer fitter'),
                                      ('PC-00832','s Sensor cover end'),
                                      ('PC-00833','s e Moteur de ventilateur SDT1209L BNP'),
                                      ('PC-00834','s pacrpses Embraco Inverter compressor FMXA6C Main PCB board peuly Carte PCB principale'),
                                      ('PC-00835','s trim'),
                                      ('PC-00836','s-100 Panneau de'),
                                      ('PC-00837','s0 vc-2z-51-0031 s1'),
                                      ('PC-00838','s108'),
                                      ('PC-00839','s205 Lockend'),
                                      ('PC-00840','s208 sx'),
                                      ('PC-00841','s3-14 du'),
                                      ('PC-00842','s3-45 Pieds pipe US2-12 circutaire'),
                                      ('PC-00843','s3-48 de'),
                                      ('PC-00844','s3-86 Fitre charbon back air-duct board'),
                                      ('PC-00845','se Filtre'),
                                      ('PC-00846','sensor Assembly d Ensemble capteur de Sepa'),
                                      ('PC-00847','serrure Handie en acier inoxydabie'),
                                      ('PC-00848','shelt for control panel'),
                                      ('PC-00849','shetf'),
                                      ('PC-00850','shetr'),
                                      ('PC-00851','side Tan YentiJateyt'),
                                      ('PC-00852','siege fixe'),
                                      ('PC-00853','silencieux'),
                                      ('PC-00854','sneiwooden tn pors-116s5 evarturs en bois v Stainless steeitrim se Devanture en acier inoxydable v Biack wre shof controi panei oo nore panneau de v wre sheir pai11s nor v stopper m Butse v light switch 20n g nterrupteur lumineux de porte'),
                                      ('PC-00855','soudure'),
                                      ('PC-00856','ss0s'),
                                      ('PC-00857','st AL SOV de la tige de s205'),
                                      ('PC-00858','steel glass door Porte en acier inoxydable'),
                                      ('PC-00859','strim'),
                                      ('PC-00860','support iron liner hinge)'),
                                      ('PC-00861','support iron liner hinge) Renfort support porte'),
                                      ('PC-00862','support iron liner hinge) support porte drote)'),
                                      ('PC-00863','sy r TU1110HY PCB board'),
                                      ('PC-00864','tainless steel glass door'),
                                      ('PC-00865','tainless steel round Lock sz Serrure ronde en acier inoxydable Metal lock pin DZ01-2695 de serrure Magnet control switch bracket Support o4 Magnet the door) 2J09-0004-4-3 i s porte)'),
                                      ('PC-00866','tainless steel round lock'),
                                      ('PC-00867','tainless steel round lock Serrure ronde en acier inoxydable'),
                                      ('PC-00868','tainless steel trim with cuting'),
                                      ('PC-00869','tainless steel trim with cutting'),
                                      ('PC-00870','tainless steel trim with cutting DZ01-0061-6 Finition en acier inoxydable avec'),
                                      ('PC-00871','tainless steel ventilation plinth'),
                                      ('PC-00872','tainless steel ventilation plinth DZ01-0052 de ventitation en acier'),
                                      ('PC-00873','tainless steel ventilation plinth Plinthe de ventilation en acier inoxydable'),
                                      ('PC-00874','tainless steeltrim for wooden shelf'),
                                      ('PC-00875','taintess steel trim for wooden shelf'),
                                      ('PC-00876','tank'),
                                      ('PC-00877','tectrical power cord'),
                                      ('PC-00878','ticker'),
                                      ('PC-00879','tide rail'),
                                      ('PC-00880','tiding Beech wood shelf'),
                                      ('PC-00881','tiding Wood Shelf'),
                                      ('PC-00882','tn o b BTN'),
                                      ('PC-00883','tock'),
                                      ('PC-00884','trainer'),
                                      ('PC-00885','trim'),
                                      ('PC-00886','trunk-nail'),
                                      ('PC-00887','trunk-nail Clou de fixation M5 wd'),
                                      ('PC-00888','trunk-nail R0t Clou M5'),
                                      ('PC-00889','trunk-nail d Clou M5'),
                                      ('PC-00890','ts Limited rubber'),
                                      ('PC-00891','tubulaire en acier inoxydable'),
                                      ('PC-00892','tubular Handle'),
                                      ('PC-00893','tubular handle'),
                                      ('PC-00894','u de serrure'),
                                      ('PC-00895','ube zone unique'),
                                      ('PC-00896','uction tube'),
                                      ('PC-00897','ul black glass door without handle'),
                                      ('PC-00898','ull black glass door without handle'),
                                      ('PC-00899','umiere LED blanche'),
                                      ('PC-00900','upper control panel'),
                                      ('PC-00901','uppor bracket of front legs Support des pieds avant va Door support iron iner hinge) DG14-1179-51 Renfort support porte aroie) v Door suppor iron liner hinge) Renfort support porte Jgauche) v 1DG12-1039'),
                                      ('PC-00902','upport bracket of front legs DG22-1386-1 des pieds avant n/d'),
                                      ('PC-00903','upport de montage de sonde'),
                                      ('PC-00904','upport du panneau de v'),
                                      ('PC-00905','us1-15'),
                                      ('PC-00906','us1-6 Ventilateur central de'),
                                      ('PC-00907','us1-6 Ventilateur circulaire'),
                                      ('PC-00908','us2-18'),
                                      ('PC-00909','us3-17 Plaque de conduit The upper sensor'),
                                      ('PC-00910','us3-24'),
                                      ('PC-00911','us3-27 de'),
                                      ('PC-00912','us3-a9 Cache du capteur The upper air-duct lower board'),
                                      ('PC-00913','usa-23 Plaque du conduit central The lower circle fan'),
                                      ('PC-00914','usa-24 Plaque du conduit central lower sensor'),
                                      ('PC-00915','ush rod'),
                                      ('PC-00916','ush rod decorative cover'),
                                      ('PC-00917','ush rod top cover'),
                                      ('PC-00918','uss-12'),
                                      ('PC-00919','uss-16'),
                                      ('PC-00920','utside fan bracket ventiateur'),
                                      ('PC-00921','utside fan cover DG193 ventilateur'),
                                      ('PC-00922','utton gasket'),
                                      ('PC-00923','uyau de connexion'),
                                      ('PC-00924','uyau de connexion SDT1212MBNP fan motor'),
                                      ('PC-00925','vaporateur'),
                                      ('PC-00926','vaporator'),
                                      ('PC-00927','vaporator fan BH-R'),
                                      ('PC-00928','vaporator fan Ventilateur'),
                                      ('PC-00929','ventiateur pc panel assembly bracket Support panneau de'),
                                      ('PC-00930','y Joint de porte M1333 e Stainless steel glass door Porte en acier inoxydable P se Slim square handie mince Stainless steel round lock'),
                                      ('PC-00931','y LED display board el Carte mini DEL LED display board A'),
                                      ('PC-00932','z01-1071 mince'),
                                      ('PC-00933','z03-0081 The square magnet'),
                                      ('PC-00934','z03-0150 Ventilateur silencieux'),
                                      ('PC-00935','z120161'),
                                      ('PC-00936','zis-01s64 Tablette de en bois avec logo CAVAVIN'),
                                      ('PC-00937','zone unique');